Rk,Player,Pos,Age,Tm,G,GS,MP,FG,FGA,FG%,3P,3PA,3P%,2P,2PA,2P%,eFG%,FT,FTA,FT%,ORB,DRB,TRB,AST,STL,BLK,TOV,PF,PTS,G_prev,G_prev_total,Seasons Played
1,Quincy Acy,PF,25,SAC,59,29,14.8,2.0,3.6,0.556,0.3,0.8,0.388,1.7,2.8,0.606,0.6,0.8,1.2,0.735,1.1,2.1,3.2,0.5,0.5,0.4,0.5,1.7,5.2,68.0,160,2
2,Jordan Adams,SG,21,MEM,2,0,7.5,1.0,3.0,0.333,0.0,0.5,0.0,1.0,2.5,0.4,0.333,1.5,2.5,0.6,0.0,1.0,1.0,1.5,1.5,0.0,1.0,1.0,3.5,30.0,30,0
3,Steven Adams,C,22,OKC,80,80,25.2,3.3,5.3,0.613,0.0,0.0,,3.3,5.3,0.613,0.613,1.4,2.5,0.582,2.7,3.9,6.7,0.8,0.5,1.1,1.1,2.8,8.0,70.0,151,2
4,Arron Afflalo,SG,30,NYK,71,57,33.4,5.0,11.3,0.443,1.3,3.4,0.382,3.7,7.9,0.469,0.5,1.5,1.8,0.84,0.3,3.4,3.7,2.0,0.4,0.1,1.2,2.0,12.8,78.0,577,8
5,Alexis Ajinça,C,27,NOP,59,17,14.6,2.5,5.3,0.476,0.0,0.0,0.0,2.5,5.3,0.478,0.476,0.9,1.1,0.839,1.3,3.3,4.6,0.5,0.3,0.6,0.9,2.3,6.0,68.0,195,2
6,Cole Aldrich,C,27,LAC,60,5,13.3,2.2,3.8,0.596,0.0,0.0,,2.2,3.8,0.596,0.596,1.0,1.4,0.714,1.4,3.4,4.8,0.8,0.8,1.1,1.1,2.3,5.5,61.0,196,3
7,LaMarcus Aldridge,PF,30,SAS,74,74,30.6,7.2,14.1,0.513,0.0,0.2,0.0,7.2,13.9,0.521,0.513,3.5,4.1,0.858,2.4,6.2,8.5,1.5,0.5,1.1,1.3,2.0,18.0,71.0,648,9
8,Cliff Alexander,PF,20,POR,8,0,4.5,0.6,1.3,0.5,0.0,0.0,,0.6,1.3,0.5,0.5,0.0,0.0,,0.3,0.5,0.8,0.0,0.1,0.3,0.1,0.1,1.3,0.0,0,0
9,Lavoy Allen,PF,26,IND,79,28,20.2,2.4,4.7,0.516,0.0,0.0,,2.4,4.7,0.516,0.516,0.6,0.9,0.63,2.1,3.3,5.4,1.0,0.3,0.5,0.9,1.9,5.4,63.0,248,4
10,Tony Allen,SG,34,MEM,64,57,25.3,3.4,7.3,0.458,0.2,0.7,0.357,3.1,6.7,0.468,0.474,1.4,2.2,0.652,1.6,3.0,4.6,1.1,1.7,0.3,1.2,2.7,8.4,63.0,663,10
11,Al-Farouq Aminu,SF,25,POR,82,82,28.5,3.6,8.8,0.416,1.5,4.3,0.361,2.1,4.5,0.468,0.503,1.4,1.9,0.737,1.2,4.9,6.1,1.7,0.9,0.6,1.5,2.1,10.2,74.0,377,5
12,Lou Amundson,PF,33,NYK,29,0,7.0,0.7,1.8,0.358,0.0,0.0,,0.7,1.8,0.358,0.358,0.5,0.9,0.519,0.8,0.9,1.7,0.4,0.2,0.2,0.5,1.5,1.8,53.0,399,6
13,Chris Andersen,C,37,TOT,27,15,14.9,1.4,2.7,0.528,0.1,0.5,0.286,1.3,2.1,0.586,0.556,0.9,1.3,0.694,1.3,2.3,3.6,0.4,0.6,0.5,0.3,1.1,3.9,60.0,656,9
13,Chris Andersen,C,37,MIA,7,1,5.1,0.6,1.4,0.4,0.3,0.7,0.4,0.3,0.7,0.4,0.5,0.4,0.6,0.75,0.4,0.9,1.3,0.4,0.1,0.4,0.3,0.6,1.9,60.0,656,9
13,Chris Andersen,C,37,MEM,20,14,18.3,1.7,3.1,0.548,0.1,0.5,0.222,1.6,2.7,0.604,0.565,1.1,1.6,0.688,1.7,2.8,4.5,0.5,0.7,0.5,0.4,1.3,4.6,60.0,656,9
14,Alan Anderson,SG,33,WAS,13,0,14.8,1.6,4.5,0.356,0.9,2.8,0.324,0.7,1.7,0.409,0.458,0.8,1.2,0.733,0.1,2.0,2.1,1.1,0.3,0.1,0.2,1.9,5.0,74.0,287,4
15,James Anderson,SG,26,SAC,51,15,14.1,1.3,3.5,0.376,0.5,1.7,0.267,0.9,1.8,0.478,0.441,0.4,0.6,0.759,0.3,1.4,1.7,0.8,0.4,0.3,0.8,1.1,3.5,0.0,196,3
16,Justin Anderson,SF,22,DAL,55,9,11.8,1.3,3.2,0.406,0.4,1.5,0.265,0.9,1.7,0.533,0.469,0.8,1.0,0.8,0.3,2.1,2.4,0.5,0.3,0.5,0.4,0.8,3.8,0.0,0,0
17,Kyle Anderson,SF,22,SAS,78,11,16.0,1.8,3.8,0.468,0.2,0.5,0.324,1.6,3.3,0.488,0.488,0.8,1.1,0.747,0.3,2.8,3.1,1.6,0.8,0.4,0.8,1.2,4.5,33.0,33,0
18,Ryan Anderson,PF,27,NOP,66,7,30.4,6.0,14.1,0.427,2.0,5.4,0.366,4.0,8.7,0.466,0.498,3.0,3.5,0.873,2.0,4.0,6.0,1.1,0.6,0.4,1.4,1.7,17.0,61.0,418,6
19,Giannis Antetokounmpo,PG,21,MIL,80,79,35.3,6.4,12.7,0.506,0.4,1.4,0.257,6.1,11.3,0.537,0.52,3.7,5.1,0.724,1.4,6.2,7.7,4.3,1.2,1.4,2.6,3.2,16.9,81.0,158,2
20,Thanasis Antetokounmpo,SF,23,NYK,2,0,3.0,1.5,2.0,0.75,0.0,0.5,0.0,1.5,1.5,1.0,0.75,0.0,0.0,,0.0,0.5,0.5,0.0,0.0,0.0,0.0,1.0,3.0,0.0,0,0
21,Carmelo Anthony,SF,31,NYK,72,72,35.1,7.9,18.2,0.434,1.5,4.3,0.339,6.4,13.8,0.463,0.474,4.6,5.6,0.829,1.4,6.4,7.7,4.2,0.9,0.5,2.4,2.5,21.8,40.0,830,12
22,Joel Anthony,C,33,DET,19,0,5.1,0.3,0.5,0.6,0.0,0.0,,0.3,0.5,0.6,0.6,0.3,0.4,0.75,0.4,0.7,1.1,0.1,0.1,0.6,0.1,0.8,0.9,49.0,452,6
23,Keith Appling,PG,23,ORL,5,0,5.4,0.4,1.6,0.25,0.0,0.6,0.0,0.4,1.0,0.4,0.25,0.4,0.4,1.0,0.0,0.2,0.2,0.2,0.2,0.0,0.6,1.0,1.2,0.0,0,0
24,Trevor Ariza,SF,30,HOU,81,81,35.3,4.4,10.6,0.416,2.3,6.2,0.371,2.1,4.4,0.478,0.523,1.6,2.0,0.783,0.8,3.7,4.5,2.3,2.0,0.3,1.4,2.2,12.7,82.0,714,10
25,Darrell Arthur,PF,27,DEN,70,16,21.7,3.2,7.0,0.452,0.6,1.7,0.385,2.5,5.3,0.473,0.498,0.6,0.8,0.755,1.2,3.0,4.2,1.4,0.8,0.7,0.9,2.6,7.5,58.0,373,5
26,Ömer Aşık,C,29,NOP,68,64,17.3,1.5,2.9,0.533,0.0,0.0,,1.5,2.9,0.533,0.533,0.9,1.6,0.545,1.8,4.3,6.1,0.4,0.3,0.3,0.9,1.8,4.0,76.0,354,5
27,D.J. Augustin,PG,28,TOT,62,0,19.0,2.4,5.6,0.423,1.1,2.7,0.405,1.3,2.9,0.44,0.52,1.7,2.1,0.805,0.1,1.4,1.5,3.2,0.6,0.1,1.4,1.4,7.5,82.0,511,7
27,D.J. Augustin,PG,28,OKC,34,0,15.3,1.4,3.6,0.38,0.7,1.8,0.393,0.6,1.8,0.367,0.479,0.8,1.0,0.765,0.1,1.1,1.3,1.9,0.4,0.1,0.9,1.2,4.2,82.0,511,7
27,D.J. Augustin,PG,28,DEN,28,0,23.5,3.6,8.2,0.445,1.6,3.8,0.411,2.1,4.4,0.475,0.541,2.8,3.4,0.819,0.1,1.8,1.9,4.7,0.9,0.1,1.9,1.6,11.6,82.0,511,7
28,Jeff Ayres,C,28,LAC,17,0,6.3,0.7,1.4,0.522,0.0,0.1,0.0,0.7,1.3,0.545,0.522,0.4,0.4,1.0,0.2,1.1,1.3,0.3,0.0,0.2,0.4,1.1,1.8,51.0,220,4
29,Luke Babbitt,SF,26,NOP,47,13,18.0,2.6,6.1,0.422,0.9,2.3,0.404,1.7,3.8,0.433,0.498,0.8,1.1,0.78,0.5,2.6,3.1,1.1,0.2,0.1,0.5,1.9,7.0,63.0,216,3
30,Cameron Bairstow,C,25,CHI,18,2,5.7,0.7,2.2,0.325,0.1,0.3,0.2,0.7,1.9,0.343,0.338,0.4,0.4,0.875,0.2,1.3,1.6,0.3,0.1,0.2,0.2,1.1,1.9,18.0,18,0
31,Leandro Barbosa,SG,33,GSW,68,0,15.9,2.5,5.4,0.462,0.6,1.6,0.355,1.9,3.8,0.508,0.515,0.8,0.9,0.839,0.4,1.3,1.7,1.2,0.6,0.1,0.8,1.6,6.4,66.0,715,11
32,J.J. Barea,PG,31,DAL,74,16,22.5,4.3,9.6,0.446,1.4,3.5,0.385,2.9,6.1,0.481,0.516,1.0,1.3,0.771,0.4,1.7,2.1,4.1,0.4,0.0,1.5,1.5,10.9,77.0,586,8
33,Andrea Bargnani,C,30,BRK,46,0,13.8,2.8,6.1,0.455,0.1,0.3,0.188,2.7,5.7,0.471,0.461,1.0,1.2,0.825,0.6,1.5,2.1,0.4,0.1,0.2,0.6,1.3,6.6,29.0,504,6
34,Harrison Barnes,SF,23,GSW,66,59,30.9,4.5,9.6,0.466,1.2,3.2,0.383,3.2,6.3,0.508,0.531,1.5,2.0,0.761,1.2,3.8,4.9,1.8,0.6,0.2,0.9,2.1,11.7,82.0,241,3
35,Matt Barnes,SF,35,MEM,76,45,28.8,3.5,9.1,0.381,1.6,4.9,0.322,1.9,4.3,0.449,0.467,1.5,1.8,0.804,1.1,4.4,5.5,2.1,1.0,0.8,1.6,3.1,10.0,76.0,779,12
36,Will Barton,SG,25,DEN,82,1,28.7,5.2,12.0,0.432,1.4,4.0,0.345,3.8,8.0,0.476,0.489,2.6,3.3,0.806,0.7,5.1,5.8,2.5,0.9,0.5,1.7,1.8,14.4,58.0,172,3
37,Brandon Bass,PF,30,LAL,66,0,20.3,2.6,4.8,0.549,0.0,0.0,0.0,2.6,4.8,0.552,0.549,1.9,2.2,0.845,1.6,2.7,4.3,1.1,0.5,0.8,0.6,1.9,7.2,82.0,640,8
38,Nicolas Batum,SF,27,CHO,70,70,35.0,5.3,12.5,0.426,2.0,5.7,0.348,3.3,6.8,0.492,0.506,2.3,2.7,0.849,0.8,5.3,6.1,5.8,0.9,0.6,2.9,1.6,14.9,71.0,481,7
39,Jerryd Bayless,SG,27,MIL,52,18,28.9,3.6,8.4,0.423,1.9,4.4,0.437,1.6,4.0,0.408,0.539,1.3,1.7,0.778,0.4,2.3,2.7,3.1,0.9,0.2,1.4,2.1,10.4,77.0,458,6
40,Aron Baynes,C,29,DET,81,1,15.2,2.4,4.7,0.505,0.0,0.0,0.0,2.4,4.7,0.508,0.505,1.6,2.0,0.764,1.7,3.0,4.7,0.6,0.3,0.6,0.8,1.9,6.3,70.0,139,2
41,Kent Bazemore,SF,26,ATL,75,68,27.8,4.3,9.7,0.441,1.5,4.1,0.357,2.8,5.6,0.502,0.517,1.6,2.0,0.815,0.4,4.7,5.1,2.3,1.3,0.5,1.8,2.3,11.6,75.0,203,3
42,Bradley Beal,SG,22,WAS,55,35,31.1,6.5,14.5,0.449,1.9,4.9,0.387,4.6,9.6,0.481,0.515,2.5,3.2,0.767,0.7,2.7,3.4,2.9,1.0,0.2,2.0,2.1,17.4,63.0,192,3
43,Michael Beasley,PF,27,HOU,20,0,18.2,5.4,10.3,0.522,0.2,0.5,0.333,5.2,9.8,0.531,0.529,1.9,2.5,0.776,1.5,3.5,4.9,0.8,0.6,0.5,1.2,2.0,12.8,24.0,433,6
44,Marco Belinelli,SG,29,SAC,68,7,24.6,3.6,9.3,0.386,1.3,4.4,0.306,2.3,5.0,0.456,0.457,1.7,2.0,0.833,0.1,1.6,1.7,1.9,0.5,0.0,1.2,1.3,10.2,62.0,502,7
45,Anthony Bennett,PF,22,TOR,19,0,4.4,0.4,1.4,0.296,0.2,0.7,0.214,0.3,0.7,0.385,0.352,0.5,0.5,0.9,0.3,0.9,1.2,0.0,0.3,0.0,0.2,0.4,1.5,57.0,109,2
46,Patrick Beverley,PG,27,HOU,71,63,28.7,3.6,8.4,0.434,1.7,4.4,0.4,1.9,4.0,0.472,0.539,0.8,1.2,0.682,1.0,2.5,3.5,3.4,1.3,0.4,1.3,3.3,9.9,56.0,153,3
47,Bismack Biyombo,C,23,TOR,82,22,22.0,1.9,3.5,0.542,0.0,0.0,0.0,1.9,3.5,0.544,0.542,1.7,2.8,0.628,2.2,5.8,8.0,0.4,0.2,1.6,0.9,2.7,5.5,64.0,284,4
48,Nemanja Bjelica,PF,27,MIN,60,0,17.9,1.8,3.9,0.468,0.8,2.1,0.384,1.0,1.8,0.564,0.57,0.7,0.9,0.727,0.8,2.7,3.5,1.4,0.4,0.4,0.8,2.6,5.1,0.0,0,0
49,Tarik Black,C,24,LAL,39,0,12.7,1.5,2.7,0.548,0.0,0.0,,1.5,2.7,0.548,0.548,0.5,1.2,0.422,1.1,2.9,4.0,0.4,0.4,0.5,0.6,2.0,3.4,63.0,63,1
50,DeJuan Blair,C,26,WAS,29,0,7.5,1.0,2.3,0.412,0.0,0.0,0.0,1.0,2.3,0.418,0.412,0.2,0.4,0.385,0.7,1.3,2.0,0.4,0.3,0.1,0.5,1.8,2.1,29.0,395,5
51,Steve Blake,PG,35,DET,58,2,17.0,1.6,4.1,0.388,0.9,2.6,0.344,0.7,1.5,0.461,0.496,0.3,0.3,0.8,0.2,1.4,1.5,3.4,0.4,0.1,1.4,1.2,4.4,81.0,812,12
52,Eric Bledsoe,PG,26,PHO,31,31,34.2,7.2,15.9,0.453,1.5,4.2,0.372,5.6,11.7,0.482,0.502,4.5,5.5,0.802,0.6,3.5,4.0,6.1,2.0,0.6,3.5,2.4,20.4,81.0,321,5
53,Bojan Bogdanović,SF,26,BRK,79,39,26.8,4.1,9.5,0.433,1.6,4.3,0.382,2.5,5.2,0.474,0.519,1.4,1.7,0.833,0.5,2.8,3.2,1.3,0.4,0.1,1.5,1.5,11.2,78.0,78,1
54,Andrew Bogut,C,31,GSW,70,66,20.7,2.5,4.0,0.627,0.0,0.0,1.0,2.5,4.0,0.626,0.629,0.3,0.7,0.48,1.7,5.3,7.0,2.3,0.5,1.6,1.2,3.2,5.4,67.0,574,8
55,Matt Bonner,C,35,SAS,30,2,6.9,1.0,1.9,0.509,0.5,1.1,0.441,0.5,0.8,0.609,0.64,0.1,0.1,0.75,0.1,0.8,0.9,0.3,0.2,0.0,0.1,0.5,2.5,72.0,762,11
56,Devin Booker,SG,19,PHO,76,51,27.7,4.8,11.4,0.423,1.3,3.8,0.343,3.5,7.6,0.464,0.48,2.8,3.4,0.84,0.4,2.1,2.5,2.6,0.6,0.3,2.1,3.0,13.8,0.0,0,0
57,Trevor Booker,PF,28,UTA,79,2,20.7,2.4,4.9,0.49,0.2,0.5,0.293,2.3,4.4,0.513,0.505,0.9,1.3,0.67,2.1,3.6,5.7,1.1,0.7,0.5,1.0,2.1,5.9,79.0,314,5
58,Chris Bosh,PF,31,MIA,53,53,33.5,6.8,14.5,0.467,1.5,4.2,0.365,5.2,10.3,0.508,0.52,4.0,5.1,0.795,0.9,6.5,7.4,2.4,0.7,0.6,1.5,1.9,19.1,44.0,840,12
59,Avery Bradley,SG,25,BOS,76,72,33.4,6.0,13.4,0.447,1.9,5.4,0.361,4.1,8.1,0.505,0.52,1.3,1.6,0.78,0.6,2.3,2.9,2.1,1.5,0.3,1.4,2.2,15.2,77.0,282,4
60,Elton Brand,C,36,PHI,17,1,13.2,1.8,4.2,0.431,0.0,0.1,0.0,1.8,4.2,0.437,0.431,0.5,0.5,0.889,0.5,3.2,3.7,1.1,0.5,0.5,0.6,1.9,4.1,36.0,886,12
61,Corey Brewer,SF,29,HOU,82,12,20.4,2.6,6.7,0.384,0.7,2.7,0.272,1.8,4.0,0.46,0.439,1.3,1.7,0.75,0.5,1.9,2.4,1.3,1.0,0.2,1.0,2.0,7.2,80.0,547,7
62,Aaron Brooks,PG,31,CHI,69,0,16.1,2.7,6.8,0.401,1.0,2.7,0.357,1.8,4.1,0.43,0.471,0.7,0.9,0.766,0.3,1.2,1.5,2.6,0.4,0.1,1.2,1.9,7.1,82.0,479,7
63,Anthony Brown,SF,23,LAL,29,11,20.7,1.3,4.3,0.31,0.7,2.4,0.286,0.7,1.9,0.339,0.389,0.6,0.7,0.85,0.3,2.1,2.4,0.7,0.5,0.2,0.5,1.2,4.0,0.0,0,0
64,Lorenzo Brown,PG,25,PHO,8,0,7.6,1.0,3.1,0.32,0.1,1.0,0.125,0.9,2.1,0.412,0.34,0.4,0.5,0.75,0.0,0.9,0.9,1.4,0.4,0.1,1.1,0.5,2.5,29.0,55,0
65,Markel Brown,SG,24,BRK,62,6,15.8,2.0,5.2,0.394,0.6,2.0,0.314,1.4,3.2,0.443,0.453,1.1,1.5,0.755,0.4,1.6,2.0,1.5,0.6,0.2,0.9,1.5,5.9,47.0,47,1
66,Kobe Bryant,SF,37,LAL,66,66,28.2,6.0,16.9,0.358,2.0,7.1,0.285,4.0,9.8,0.41,0.417,3.5,4.3,0.826,0.6,3.1,3.7,2.8,0.9,0.2,2.0,1.7,17.6,35.0,946,12
67,Chase Budinger,SF,27,TOT,66,2,14.1,1.6,3.6,0.435,0.4,1.3,0.279,1.2,2.3,0.523,0.485,0.6,0.8,0.696,0.7,1.6,2.3,1.0,0.5,0.2,0.7,0.9,4.1,67.0,341,5
67,Chase Budinger,SF,27,IND,49,2,14.9,1.7,4.0,0.418,0.4,1.4,0.29,1.2,2.6,0.488,0.469,0.7,1.0,0.708,0.6,1.8,2.5,1.0,0.6,0.2,0.6,0.9,4.4,67.0,341,5
67,Chase Budinger,SF,27,PHO,17,0,11.8,1.4,2.6,0.511,0.2,1.0,0.235,1.1,1.6,0.679,0.556,0.3,0.5,0.625,0.7,1.0,1.7,0.9,0.2,0.1,0.8,0.9,3.2,67.0,341,5
68,Reggie Bullock,SF,24,DET,37,0,11.6,1.2,2.6,0.439,0.6,1.4,0.415,0.6,1.2,0.467,0.551,0.4,0.4,0.933,0.4,1.5,1.8,0.7,0.3,0.1,0.2,0.8,3.3,36.0,79,2
69,Trey Burke,PG,23,UTA,64,0,21.3,4.1,9.9,0.413,1.4,4.0,0.344,2.7,5.9,0.46,0.483,1.0,1.3,0.817,0.3,1.5,1.8,2.3,0.5,0.1,1.3,1.3,10.6,76.0,146,2
70,Alec Burks,SG,24,UTA,31,3,25.7,4.4,10.8,0.41,1.0,2.5,0.405,3.4,8.2,0.412,0.458,3.4,4.5,0.752,0.5,3.0,3.5,2.0,0.6,0.1,1.6,2.3,13.3,27.0,228,3
71,Caron Butler,SF,35,SAC,17,1,10.4,1.5,3.5,0.424,0.2,1.1,0.167,1.3,2.4,0.537,0.449,0.6,0.7,0.833,0.3,1.0,1.3,0.6,0.5,0.1,0.2,1.1,3.7,78.0,864,12
72,Jimmy Butler,SG,26,CHI,67,67,36.9,7.0,15.4,0.454,1.0,3.1,0.312,6.1,12.4,0.489,0.485,5.9,7.1,0.832,1.2,4.2,5.3,4.8,1.6,0.6,2.0,1.9,20.9,65.0,256,4
73,Rasual Butler,SF,36,SAS,46,0,9.4,1.1,2.3,0.471,0.3,1.1,0.306,0.7,1.2,0.618,0.543,0.2,0.3,0.688,0.1,1.2,1.2,0.5,0.3,0.5,0.2,0.2,2.7,75.0,763,11
74,Bruno Caboclo,SF,20,TOR,6,1,7.2,0.2,2.0,0.083,0.2,1.2,0.143,0.0,0.8,0.0,0.125,0.0,0.0,,0.2,0.2,0.3,0.2,0.3,0.2,0.7,0.3,0.5,8.0,8,0
75,José Calderón,PG,34,NYK,72,72,28.1,2.9,6.3,0.459,1.2,2.8,0.414,1.7,3.5,0.496,0.552,0.6,0.7,0.875,0.3,2.9,3.2,4.1,0.9,0.1,1.2,1.9,7.6,42.0,676,10
76,Kentavious Caldwell-Pope,SG,22,DET,76,76,36.7,5.3,12.6,0.42,1.5,4.9,0.309,3.8,7.8,0.489,0.479,2.4,3.0,0.811,0.9,2.8,3.7,1.8,1.4,0.2,1.4,2.2,14.5,82.0,162,2
77,Isaiah Canaan,SG,24,PHI,77,39,25.5,3.4,9.4,0.36,2.3,6.3,0.363,1.1,3.1,0.354,0.482,1.9,2.3,0.833,0.3,2.0,2.3,1.8,0.7,0.2,1.2,1.7,11.0,47.0,69,1
78,Clint Capela,C,21,HOU,77,35,19.1,3.0,5.2,0.582,0.0,0.0,0.0,3.0,5.1,0.583,0.582,1.0,2.7,0.379,2.5,3.9,6.4,0.6,0.8,1.2,0.8,2.5,7.0,12.0,12,0
79,DeMarre Carroll,SF,29,TOR,26,22,30.2,4.0,10.4,0.389,1.8,4.5,0.39,2.3,5.8,0.388,0.474,1.2,1.9,0.6,1.2,3.5,4.7,1.0,1.7,0.2,1.1,2.4,11.0,70.0,316,4
80,Vince Carter,SG,39,MEM,60,3,16.8,2.2,5.7,0.388,1.0,2.8,0.349,1.2,2.9,0.425,0.474,1.2,1.4,0.833,0.5,1.9,2.4,0.9,0.6,0.3,0.6,1.7,6.6,66.0,1007,14
81,Michael Carter-Williams,PG,24,MIL,54,37,30.5,4.6,10.3,0.452,0.3,1.0,0.273,4.4,9.3,0.472,0.466,2.0,3.0,0.654,0.9,4.2,5.1,5.2,1.5,0.8,2.8,3.0,11.5,66.0,136,2
82,Omri Casspi,PF,27,SAC,69,21,27.2,4.3,9.0,0.481,1.6,4.0,0.409,2.7,5.0,0.537,0.571,1.5,2.3,0.648,0.8,5.1,5.9,1.4,0.8,0.2,1.4,2.2,11.8,67.0,394,6
83,Willie Cauley-Stein,C,22,SAC,66,39,21.4,2.9,5.1,0.563,0.0,0.0,0.0,2.9,5.1,0.567,0.563,1.2,1.9,0.648,2.0,3.3,5.3,0.6,0.7,1.0,0.7,2.2,7.0,0.0,0,0
84,Mario Chalmers,PG,29,TOT,61,7,22.5,3.0,7.3,0.41,0.8,2.4,0.309,2.2,4.8,0.461,0.462,3.6,4.3,0.832,0.4,2.2,2.6,3.8,1.4,0.2,1.8,3.0,10.3,80.0,519,7
84,Mario Chalmers,PG,29,MIA,6,0,20.0,1.7,5.3,0.313,0.2,1.8,0.091,1.5,3.5,0.429,0.328,2.0,2.2,0.923,0.2,2.2,2.3,3.2,1.3,0.2,1.5,2.7,5.5,80.0,519,7
84,Mario Chalmers,PG,29,MEM,55,7,22.8,3.1,7.5,0.417,0.8,2.5,0.326,2.3,5.0,0.464,0.472,3.7,4.5,0.827,0.4,2.2,2.6,3.8,1.5,0.2,1.8,3.0,10.8,80.0,519,7
85,Tyson Chandler,C,33,PHO,66,60,24.5,2.8,4.8,0.583,0.0,0.0,0.0,2.8,4.7,0.585,0.583,1.6,2.6,0.62,2.7,6.1,8.7,1.0,0.5,0.7,1.4,2.2,7.2,75.0,920,13
86,Rakeem Christmas,PF,24,IND,1,0,6.0,2.0,2.0,1.0,0.0,0.0,,2.0,2.0,1.0,1.0,0.0,0.0,,1.0,0.0,1.0,0.0,0.0,0.0,0.0,1.0,4.0,0.0,0,0
87,Ian Clark,SG,24,GSW,66,1,8.8,1.3,3.1,0.441,0.5,1.3,0.357,0.9,1.8,0.5,0.515,0.4,0.5,0.824,0.2,0.8,1.0,1.0,0.3,0.2,0.7,0.9,3.6,30.0,53,0
88,Coty Clarke,SF,23,BOS,3,0,2.0,0.7,1.3,0.5,0.7,0.7,1.0,0.0,0.7,0.0,0.75,0.0,0.0,,0.0,0.3,0.3,0.0,0.0,0.0,0.3,0.0,2.0,0.0,0,0
89,Jordan Clarkson,SG,23,LAL,79,79,32.3,6.0,13.9,0.433,1.4,4.1,0.347,4.6,9.8,0.468,0.483,2.1,2.6,0.804,1.2,2.8,4.0,2.4,1.1,0.1,1.7,2.1,15.5,59.0,59,1
90,Norris Cole,PG,27,NOP,45,23,26.6,4.4,10.8,0.405,0.7,2.3,0.324,3.6,8.5,0.427,0.439,1.2,1.4,0.8,0.2,3.1,3.4,3.7,0.8,0.1,1.7,2.3,10.6,75.0,302,4
91,Darren Collison,PG,28,SAC,74,15,30.0,5.1,10.5,0.486,1.2,2.9,0.401,3.9,7.6,0.519,0.542,2.6,3.1,0.858,0.4,1.9,2.3,4.3,1.0,0.1,1.8,1.9,14.0,45.0,421,6
92,Nick Collison,PF,35,OKC,59,4,11.8,0.8,1.8,0.459,0.0,0.0,0.0,0.8,1.8,0.467,0.459,0.4,0.6,0.697,1.2,1.7,2.9,0.9,0.3,0.3,0.8,1.8,2.1,66.0,816,11
93,Mike Conley,PG,28,MEM,56,56,31.4,5.3,12.4,0.422,1.4,3.8,0.363,3.9,8.6,0.449,0.478,3.4,4.1,0.834,0.5,2.5,2.9,6.1,1.2,0.3,1.5,1.8,15.3,70.0,581,8
94,Pat Connaughton,SG,23,POR,34,0,4.2,0.4,1.4,0.265,0.1,0.6,0.238,0.2,0.8,0.286,0.316,0.1,0.1,1.0,0.3,0.6,0.9,0.3,0.1,0.0,0.3,0.2,1.1,0.0,0,0
95,Chris Copeland,PF,31,MIL,24,1,6.5,0.7,2.1,0.333,0.4,1.5,0.278,0.3,0.6,0.467,0.431,0.3,0.3,0.857,0.0,0.4,0.4,0.5,0.1,0.0,0.3,0.7,2.1,50.0,147,3
96,Bryce Cotton,PG,23,TOT,8,0,4.9,0.5,1.3,0.4,0.0,0.4,0.0,0.5,0.9,0.571,0.4,0.0,0.0,,0.0,0.0,0.0,0.4,0.4,0.0,0.6,0.3,1.0,15.0,15,0
96,Bryce Cotton,PG,23,PHO,3,0,11.0,0.7,2.7,0.25,0.0,1.0,0.0,0.7,1.7,0.4,0.25,0.0,0.0,,0.0,0.0,0.0,1.0,1.0,0.0,1.7,0.7,1.3,15.0,15,0
96,Bryce Cotton,PG,23,MEM,5,0,1.2,0.4,0.4,1.0,0.0,0.0,,0.4,0.4,1.0,1.0,0.0,0.0,,0.0,0.0,0.0,0.0,0.0,0.0,0.0,0.0,0.8,15.0,15,0
97,DeMarcus Cousins,C,25,SAC,65,65,34.6,9.2,20.5,0.451,1.1,3.2,0.333,8.2,17.3,0.473,0.477,7.3,10.2,0.718,2.4,9.1,11.5,3.3,1.6,1.4,3.8,3.6,26.9,59.0,350,5
98,Robert Covington,SF,25,PHI,67,49,28.4,4.1,10.6,0.385,2.5,7.2,0.353,1.6,3.4,0.452,0.504,2.1,2.6,0.791,1.0,5.3,6.3,1.4,1.6,0.6,2.1,3.5,12.8,70.0,77,1
99,Allen Crabbe,SG,23,POR,81,8,26.0,3.8,8.4,0.459,1.4,3.5,0.393,2.5,4.9,0.506,0.541,1.2,1.4,0.867,0.3,2.3,2.7,1.2,0.8,0.2,0.8,2.4,10.3,51.0,66,1
100,Jamal Crawford,SG,35,LAC,79,5,26.9,4.8,11.9,0.404,1.5,4.4,0.34,3.3,7.5,0.44,0.466,3.1,3.4,0.904,0.3,1.6,1.8,2.3,0.7,0.2,1.4,1.5,14.2,64.0,960,13
101,Jae Crowder,SF,25,BOS,73,73,31.6,4.9,11.1,0.443,1.7,5.0,0.336,3.3,6.2,0.529,0.518,2.7,3.3,0.82,1.0,4.2,5.1,1.8,1.7,0.5,1.1,2.7,14.2,82.0,238,3
102,Dante Cunningham,SF,28,NOP,80,46,24.6,2.3,5.2,0.451,0.7,2.2,0.316,1.6,3.0,0.55,0.518,0.7,1.0,0.695,0.7,2.2,3.0,1.0,0.5,0.4,0.5,2.2,6.1,66.0,432,6
103,Jared Cunningham,SG,24,TOT,44,3,9.3,0.8,2.4,0.343,0.3,0.9,0.308,0.5,1.5,0.364,0.4,0.8,1.3,0.655,0.1,0.8,0.9,0.5,0.3,0.0,0.5,0.9,2.7,19.0,40,0
103,Jared Cunningham,SG,24,CLE,40,3,8.9,0.8,2.3,0.352,0.3,0.8,0.313,0.6,1.5,0.373,0.407,0.8,1.2,0.625,0.1,0.7,0.7,0.5,0.3,0.1,0.5,0.9,2.6,19.0,40,0
103,Jared Cunningham,SG,24,MIL,4,0,13.8,1.0,3.5,0.286,0.5,1.8,0.286,0.5,1.8,0.286,0.357,1.5,1.8,0.857,0.0,2.3,2.3,0.3,0.5,0.0,0.8,1.0,4.0,19.0,40,0
104,Seth Curry,PG,25,SAC,44,9,15.7,2.3,5.1,0.455,1.1,2.5,0.45,1.2,2.6,0.46,0.567,1.0,1.2,0.833,0.2,1.2,1.4,1.5,0.5,0.1,0.8,0.9,6.8,2.0,4,0
105,Stephen Curry,PG,27,GSW,79,79,34.2,10.2,20.2,0.504,5.1,11.2,0.454,5.1,9.0,0.566,0.63,4.6,5.1,0.908,0.9,4.6,5.4,6.7,2.1,0.2,3.3,2.0,30.1,80.0,416,5
106,Troy Daniels,SG,24,CHO,43,0,11.1,2.1,4.3,0.476,1.4,2.8,0.484,0.7,1.5,0.462,0.634,0.1,0.2,0.556,0.2,1.2,1.3,0.5,0.3,0.1,0.6,0.9,5.6,47.0,52,1
107,Anthony Davis,C,22,NOP,61,61,35.5,9.2,18.6,0.493,0.6,1.8,0.324,8.6,16.9,0.511,0.508,5.3,7.0,0.758,2.1,8.1,10.3,1.9,1.3,2.0,2.0,2.4,24.3,68.0,199,3
108,Ed Davis,PF,26,POR,81,0,20.8,2.5,4.2,0.611,0.0,0.0,,2.5,4.2,0.611,0.611,1.4,2.5,0.559,2.8,4.6,7.4,1.1,0.7,0.9,0.8,2.5,6.5,79.0,354,5
109,Branden Dawson,PF,22,LAC,6,0,4.8,0.3,0.8,0.4,0.0,0.0,,0.3,0.8,0.4,0.4,0.2,0.2,1.0,0.3,0.3,0.7,0.0,0.0,0.2,0.0,0.3,0.8,0.0,0,0
110,Dewayne Dedmon,C,26,ORL,58,20,12.2,1.7,3.1,0.559,0.0,0.0,,1.7,3.1,0.559,0.559,1.0,1.3,0.75,1.2,2.8,3.9,0.2,0.4,0.8,0.6,1.9,4.4,59.0,90,1
111,Bryce Dejean-Jones,SG,23,NOP,14,11,19.9,2.0,4.9,0.406,0.9,2.3,0.375,1.1,2.6,0.432,0.493,0.8,1.5,0.524,0.6,2.9,3.4,1.1,0.7,0.1,0.8,1.2,5.6,0.0,0,0
112,Sam Dekker,PF,21,HOU,3,0,2.0,0.0,0.0,,0.0,0.0,,0.0,0.0,,,0.0,0.0,,0.0,0.3,0.3,0.0,0.3,0.0,0.0,0.0,0.0,0.0,0,0
113,Matthew Dellavedova,PG,25,CLE,76,14,24.6,2.7,6.7,0.405,1.3,3.1,0.41,1.4,3.6,0.401,0.501,0.8,0.9,0.864,0.4,1.7,2.1,4.4,0.6,0.1,1.5,2.3,7.5,67.0,139,2
114,Luol Deng,PF,30,MIA,74,73,32.4,4.6,10.1,0.455,1.2,3.5,0.344,3.4,6.6,0.513,0.514,2.0,2.6,0.755,1.5,4.5,6.0,1.9,1.0,0.4,1.1,1.6,12.3,72.0,749,11
115,DeMar DeRozan,SG,26,TOR,78,78,35.9,7.9,17.7,0.446,0.6,1.8,0.338,7.3,15.9,0.458,0.463,7.1,8.4,0.85,0.8,3.7,4.5,4.0,1.0,0.3,2.2,2.1,23.5,60.0,443,6
116,Boris Diaw,PF,33,SAS,76,4,18.2,2.7,5.0,0.527,0.3,0.9,0.362,2.3,4.1,0.564,0.56,0.7,1.0,0.737,0.8,2.3,3.1,2.3,0.3,0.3,1.3,1.3,6.4,81.0,915,12
117,Gorgui Dieng,C,26,MIN,82,39,27.1,3.8,7.1,0.532,0.1,0.2,0.3,3.7,6.8,0.54,0.537,2.5,3.0,0.827,1.9,5.2,7.1,1.7,1.1,1.2,1.7,2.7,10.1,73.0,133,2
118,Spencer Dinwiddie,PG,22,DET,12,0,13.3,1.6,4.5,0.352,0.1,0.8,0.1,1.5,3.7,0.409,0.361,1.6,2.8,0.576,0.3,1.1,1.4,1.8,0.3,0.0,0.6,1.7,4.8,34.0,34,0
119,Toney Douglas,PG,29,NOP,61,18,20.7,3.0,7.3,0.411,1.3,3.3,0.399,1.7,4.0,0.421,0.502,1.4,1.6,0.848,0.4,1.9,2.3,2.6,1.1,0.1,1.0,2.1,8.7,12.0,309,5
120,Goran Dragić,PG,29,MIA,72,72,32.8,5.8,12.2,0.477,0.9,2.8,0.312,4.9,9.3,0.527,0.513,1.7,2.3,0.727,0.8,3.1,3.8,5.8,1.0,0.2,2.6,2.6,14.1,78.0,502,7
121,Andre Drummond,C,22,DET,81,81,32.9,6.8,13.1,0.521,0.0,0.1,0.333,6.8,13.0,0.522,0.522,2.6,7.2,0.355,4.9,9.9,14.8,0.8,1.5,1.4,1.9,3.0,16.2,82.0,223,3
122,Jared Dudley,PF,30,WAS,81,41,25.9,2.9,6.0,0.478,1.2,2.9,0.42,1.6,3.1,0.534,0.581,0.9,1.2,0.735,0.7,2.9,3.5,2.1,0.9,0.2,1.0,2.3,7.9,72.0,595,8
123,Duje Dukan,SF,24,SAC,1,0,24.0,2.0,10.0,0.2,2.0,5.0,0.4,0.0,5.0,0.0,0.3,0.0,0.0,,2.0,2.0,4.0,1.0,1.0,0.0,0.0,2.0,6.0,0.0,0,0
124,Tim Duncan,C,39,SAS,61,60,25.2,3.5,7.2,0.488,0.0,0.0,0.0,3.5,7.2,0.49,0.488,1.5,2.1,0.702,1.9,5.4,7.3,2.7,0.8,1.3,1.5,2.0,8.6,77.0,1043,14
125,Mike Dunleavy,SF,35,CHI,31,30,22.7,2.5,6.1,0.41,1.3,3.2,0.394,1.2,2.9,0.427,0.513,0.9,1.2,0.784,0.3,2.4,2.7,1.3,0.5,0.3,0.8,2.1,7.2,63.0,902,12
126,Kevin Durant,SF,27,OKC,72,72,35.8,9.7,19.2,0.505,2.6,6.7,0.387,7.1,12.5,0.569,0.573,6.2,6.9,0.898,0.6,7.6,8.2,5.0,1.0,1.2,3.5,1.9,28.2,27.0,569,7
127,Cleanthony Early,SF,24,NYK,17,2,9.1,0.7,2.4,0.3,0.2,0.9,0.267,0.5,1.5,0.32,0.35,0.2,0.2,0.75,0.2,1.3,1.5,0.4,0.1,0.2,0.5,0.9,1.8,39.0,39,1
128,Jarell Eddie,SF,24,WAS,26,0,5.7,0.8,2.5,0.308,0.6,1.8,0.319,0.2,0.7,0.278,0.423,0.3,0.3,1.0,0.1,0.8,0.9,0.2,0.2,0.0,0.0,0.2,2.4,0.0,0,0
129,Wayne Ellington,SG,28,BRK,76,41,21.3,2.9,7.4,0.389,1.3,3.5,0.358,1.6,3.9,0.416,0.474,0.7,0.8,0.857,0.3,2.0,2.3,1.1,0.6,0.1,0.6,1.1,7.7,65.0,377,6
130,Monta Ellis,SG,30,IND,81,81,33.8,5.4,12.6,0.427,1.1,3.5,0.309,4.3,9.1,0.472,0.47,2.0,2.5,0.786,0.5,2.8,3.3,4.7,1.9,0.5,2.5,2.1,13.8,80.0,678,9
131,James Ennis III,SF,25,TOT,22,5,15.0,2.5,5.1,0.478,1.2,2.6,0.448,1.3,2.5,0.509,0.593,1.1,1.5,0.735,1.0,1.0,1.9,1.0,0.7,0.2,0.9,1.3,7.2,62.0,62,1
131,James Ennis III,SF,25,MIA,3,0,2.3,0.0,0.0,,0.0,0.0,,0.0,0.0,,,0.0,0.0,,0.0,0.0,0.0,0.3,0.0,0.0,0.0,0.3,0.0,62.0,62,1
131,James Ennis III,SF,25,MEM,10,0,4.0,0.4,1.3,0.308,0.2,0.8,0.25,0.2,0.5,0.4,0.385,0.6,1.0,0.6,0.4,0.3,0.7,0.2,0.4,0.2,0.2,0.1,1.6,62.0,62,1
131,James Ennis III,SF,25,NOP,9,5,31.3,5.6,11.1,0.5,2.7,5.6,0.48,2.9,5.6,0.52,0.62,2.1,2.7,0.792,1.9,2.0,3.9,2.0,1.3,0.3,1.9,2.9,15.9,62.0,62,1
132,Tyler Ennis,PG,21,MIL,46,7,14.2,1.8,4.1,0.449,0.3,0.8,0.333,1.5,3.2,0.48,0.484,0.5,0.7,0.735,0.3,1.3,1.6,2.1,0.5,0.0,1.0,1.4,4.5,33.0,33,0
133,Jeremy Evans,SF,28,DAL,30,2,8.4,0.9,1.6,0.542,0.1,0.5,0.25,0.7,1.1,0.688,0.583,0.5,0.7,0.714,0.4,1.4,1.8,0.1,0.2,0.3,0.2,0.6,2.4,38.0,219,4
134,Tyreke Evans,SG,26,NOP,25,25,30.6,5.4,12.6,0.433,1.3,3.4,0.388,4.1,9.2,0.45,0.486,3.0,3.7,0.796,0.8,4.4,5.2,6.6,1.3,0.3,2.9,2.6,15.2,79.0,408,6
135,Festus Ezeli,C,26,GSW,46,13,16.7,2.7,5.0,0.548,0.0,0.0,,2.7,5.0,0.548,0.548,1.5,2.9,0.53,2.0,3.6,5.6,0.7,0.4,1.1,0.8,2.0,7.0,46.0,124,2
136,Kenneth Faried,PF,26,DEN,67,64,25.3,5.2,9.3,0.558,0.0,0.0,0.5,5.2,9.3,0.558,0.558,2.0,3.3,0.613,3.5,5.2,8.7,1.2,0.5,0.9,1.4,2.5,12.5,75.0,281,4
137,Jordan Farmar,PG,29,MEM,12,10,24.3,3.5,8.3,0.42,1.3,3.8,0.356,2.2,4.6,0.473,0.5,0.8,0.8,1.0,0.3,1.8,2.1,3.1,1.3,0.2,1.5,1.8,9.2,36.0,490,8
138,Derrick Favors,PF,24,UTA,62,59,32.0,6.7,13.1,0.515,0.0,0.1,0.0,6.7,13.0,0.518,0.515,2.9,4.1,0.709,2.7,5.4,8.1,1.5,1.2,1.5,1.7,2.4,16.4,74.0,367,5
139,Cristiano Felício,C,23,CHI,31,4,10.4,1.3,2.3,0.556,0.0,0.1,0.0,1.3,2.2,0.588,0.556,0.8,1.1,0.714,1.0,2.3,3.3,0.8,0.2,0.4,0.4,1.0,3.4,0.0,0,0
140,Raymond Felton,PG,31,DAL,80,31,27.4,3.5,8.5,0.406,0.8,2.7,0.282,2.7,5.9,0.463,0.45,1.9,2.2,0.847,0.5,2.8,3.2,3.6,0.9,0.2,1.5,1.8,9.5,29.0,696,9
141,Evan Fournier,SF,23,ORL,79,71,32.5,5.4,11.8,0.462,2.0,4.9,0.4,3.5,6.8,0.506,0.546,2.5,3.0,0.836,0.4,2.4,2.8,2.7,1.2,0.0,1.7,2.7,15.4,58.0,172,3
142,Randy Foye,SG,32,TOT,81,8,20.3,2.1,6.0,0.351,0.9,3.1,0.3,1.2,2.9,0.405,0.428,0.8,0.9,0.824,0.3,1.6,1.9,2.0,0.5,0.4,1.1,1.6,5.9,50.0,602,9
142,Randy Foye,SG,32,DEN,54,7,19.8,2.2,6.2,0.351,0.9,3.1,0.296,1.2,3.0,0.409,0.426,0.7,0.9,0.83,0.3,1.6,1.9,2.1,0.5,0.3,1.1,1.5,6.0,50.0,602,9
142,Randy Foye,SG,32,OKC,27,1,21.2,1.9,5.5,0.349,0.9,3.0,0.309,1.0,2.5,0.397,0.433,0.8,1.0,0.815,0.3,1.6,1.9,1.8,0.5,0.5,1.0,1.8,5.6,50.0,602,9
143,Tim Frazier,PG,25,TOT,51,2,14.5,1.9,4.5,0.419,0.3,0.9,0.333,1.6,3.5,0.442,0.454,1.0,1.5,0.716,0.5,1.6,2.2,3.2,0.6,0.0,1.3,1.4,5.1,11.0,11,0
143,Tim Frazier,PG,25,POR,35,1,7.8,0.6,1.7,0.333,0.1,0.5,0.176,0.5,1.2,0.395,0.358,0.2,0.4,0.533,0.3,0.8,1.1,1.2,0.3,0.0,0.8,0.9,1.5,11.0,11,0
143,Tim Frazier,PG,25,NOP,16,1,29.3,4.8,10.6,0.45,0.8,1.9,0.419,3.9,8.6,0.457,0.488,2.8,3.7,0.763,0.9,3.5,4.4,7.5,1.4,0.1,2.4,2.6,13.1,11.0,11,0
144,Jimmer Fredette,SG,26,TOT,6,0,3.0,0.3,0.8,0.4,0.2,0.3,0.5,0.2,0.5,0.333,0.5,0.7,0.8,0.8,0.0,0.0,0.0,0.2,0.2,0.0,0.3,0.3,1.5,50.0,229,4
144,Jimmer Fredette,SG,26,NOP,4,0,3.3,0.3,1.0,0.25,0.0,0.3,0.0,0.3,0.8,0.333,0.25,0.0,0.0,,0.0,0.0,0.0,0.3,0.3,0.0,0.3,0.3,0.5,50.0,229,4
144,Jimmer Fredette,SG,26,NYK,2,0,2.5,0.5,0.5,1.0,0.5,0.5,1.0,0.0,0.0,,1.5,2.0,2.5,0.8,0.0,0.0,0.0,0.0,0.0,0.0,0.5,0.5,3.5,50.0,229,4
145,Enes Freedom,C,23,OKC,82,1,21.0,5.0,8.8,0.576,0.1,0.3,0.476,4.9,8.5,0.579,0.583,2.4,3.1,0.797,3.0,5.1,8.1,0.4,0.3,0.4,1.4,2.0,12.7,75.0,291,4
146,Channing Frye,PF-C,32,TOT,70,32,17.1,2.2,5.0,0.438,1.3,3.4,0.387,0.9,1.6,0.545,0.569,0.4,0.5,0.857,0.5,2.8,3.3,1.0,0.4,0.4,0.6,1.8,6.1,75.0,657,9
146,Channing Frye,PF,32,ORL,44,29,17.1,1.8,4.2,0.435,1.1,2.8,0.397,0.8,1.5,0.508,0.565,0.4,0.5,0.905,0.5,2.7,3.2,1.0,0.5,0.5,0.7,1.6,5.2,75.0,657,9
146,Channing Frye,C,32,CLE,26,3,17.2,2.7,6.2,0.441,1.7,4.4,0.377,1.1,1.8,0.596,0.575,0.4,0.5,0.786,0.5,3.1,3.6,1.0,0.3,0.3,0.5,2.2,7.5,75.0,657,9
147,Danilo Gallinari,SF,27,DEN,53,53,34.7,5.4,13.2,0.41,1.6,4.5,0.364,3.8,8.7,0.434,0.472,7.1,8.2,0.868,1.0,4.3,5.3,2.5,0.8,0.4,1.5,1.6,19.5,59.0,344,5
148,Langston Galloway,PG,24,NYK,82,7,24.8,2.8,7.2,0.393,0.9,2.7,0.344,1.9,4.4,0.423,0.458,1.0,1.4,0.754,0.5,3.0,3.5,2.5,0.9,0.3,0.7,2.2,7.6,45.0,45,1
149,Kevin Garnett,PF,39,MIN,38,38,14.6,1.4,3.0,0.47,0.0,0.0,0.0,1.4,3.0,0.474,0.47,0.4,0.6,0.667,0.4,3.6,3.9,1.6,0.7,0.3,0.4,1.8,3.2,47.0,976,14
150,Marc Gasol,C,31,MEM,52,52,34.4,6.3,13.6,0.464,0.0,0.1,0.667,6.3,13.5,0.463,0.465,3.9,4.7,0.829,1.1,5.8,7.0,3.8,1.0,1.3,2.3,2.7,16.6,81.0,517,7
151,Pau Gasol,C,35,CHI,72,72,31.8,6.5,13.8,0.469,0.3,1.0,0.348,6.2,12.9,0.478,0.481,3.2,4.0,0.792,2.2,8.9,11.0,4.1,0.6,2.0,2.3,2.1,16.5,78.0,983,14
152,Rudy Gay,SF,29,SAC,70,70,34.0,6.7,14.4,0.463,1.1,3.1,0.344,5.6,11.3,0.495,0.5,2.8,3.6,0.78,1.5,5.0,6.5,1.7,1.4,0.7,2.0,2.6,17.2,68.0,653,9
153,Alonzo Gee,SF,28,NOP,73,38,22.4,1.8,3.5,0.518,0.2,0.8,0.283,1.6,2.7,0.59,0.551,0.6,0.9,0.667,0.8,2.5,3.4,1.0,0.9,0.2,0.8,2.3,4.5,54.0,331,5
154,Paul George,SF,25,IND,81,81,34.8,7.5,17.9,0.418,2.6,7.0,0.371,4.9,10.9,0.447,0.49,5.6,6.5,0.86,1.0,6.0,7.0,4.1,1.9,0.4,3.3,2.8,23.1,6.0,292,4
155,Taj Gibson,PF,30,CHI,73,55,26.5,3.6,6.8,0.526,0.0,0.0,0.0,3.6,6.8,0.529,0.526,1.4,2.0,0.692,2.8,4.1,6.9,1.5,0.6,1.1,1.1,2.5,8.6,62.0,434,6
156,Manu Ginóbili,SG,38,SAS,58,0,19.6,3.4,7.5,0.453,1.2,3.1,0.391,2.2,4.4,0.496,0.533,1.6,1.9,0.813,0.4,2.1,2.5,3.1,1.1,0.2,1.7,1.7,9.6,70.0,865,12
157,Rudy Gobert,C,23,UTA,61,60,31.7,3.2,5.8,0.559,0.0,0.0,,3.2,5.8,0.559,0.559,2.6,4.6,0.569,3.4,7.5,11.0,1.5,0.7,2.2,1.9,2.7,9.1,82.0,127,2
158,Drew Gooden,PF,34,WAS,30,0,10.2,1.1,3.4,0.32,0.2,1.4,0.171,0.9,2.1,0.419,0.354,0.3,0.5,0.643,0.9,1.9,2.8,0.4,0.3,0.4,0.4,1.3,2.7,51.0,760,10
159,Archie Goodwin,PG,21,PHO,57,13,19.5,3.1,7.4,0.417,0.4,1.7,0.232,2.7,5.7,0.474,0.444,2.3,3.4,0.674,0.5,2.0,2.5,2.1,0.5,0.2,1.8,1.5,8.9,41.0,93,2
160,Aaron Gordon,PF,20,ORL,78,37,23.9,3.5,7.4,0.473,0.5,1.8,0.296,3.0,5.6,0.531,0.509,1.7,2.5,0.668,2.0,4.5,6.5,1.6,0.8,0.7,0.8,2.0,9.2,47.0,47,1
161,Eric Gordon,SG,27,NOP,45,44,32.9,5.1,12.3,0.418,2.5,6.5,0.384,2.6,5.7,0.457,0.521,2.5,2.8,0.888,0.2,2.0,2.2,2.7,1.0,0.3,1.6,2.2,15.2,61.0,372,6
162,Marcin Gortat,C,31,WAS,75,74,30.1,5.8,10.2,0.567,0.0,0.0,0.0,5.8,10.2,0.567,0.567,1.9,2.8,0.705,3.0,6.9,9.9,1.4,0.6,1.3,1.6,2.6,13.5,82.0,520,7
163,Andrew Goudelock,PG,27,HOU,8,0,6.3,1.1,2.5,0.45,0.1,1.1,0.111,1.0,1.4,0.727,0.475,0.4,0.5,0.75,0.1,0.1,0.3,0.5,0.8,0.3,0.9,0.5,2.8,0.0,41,1
164,Jerami Grant,PF,21,PHI,77,52,26.8,3.3,7.8,0.419,0.5,1.9,0.24,2.8,5.9,0.477,0.448,2.8,4.2,0.658,1.3,3.4,4.7,1.8,0.7,1.6,1.4,2.8,9.7,65.0,65,1
165,Jerian Grant,PG,23,NYK,76,6,16.6,2.0,5.1,0.394,0.3,1.3,0.22,1.7,3.8,0.454,0.422,1.3,1.6,0.78,0.3,1.6,1.9,2.3,0.7,0.1,1.1,1.3,5.6,0.0,0,0
166,Danny Green,SG,28,SAS,79,79,26.1,2.7,7.1,0.376,1.5,4.4,0.332,1.2,2.7,0.448,0.48,0.4,0.6,0.739,0.6,3.2,3.8,1.8,1.0,0.8,0.9,1.8,7.2,81.0,323,4
167,Draymond Green,PF,25,GSW,81,81,34.7,5.0,10.1,0.49,1.2,3.2,0.388,3.7,6.9,0.537,0.551,2.8,4.1,0.696,1.7,7.8,9.5,7.4,1.5,1.4,3.2,3.0,14.0,79.0,240,3
168,Erick Green,PG,24,TOT,9,0,4.7,0.6,1.4,0.385,0.1,0.6,0.2,0.4,0.9,0.5,0.423,0.2,0.2,1.0,0.3,0.3,0.7,0.3,0.1,0.0,0.0,0.4,1.4,43.0,43,1
168,Erick Green,PG,24,DEN,3,0,2.3,0.0,0.3,0.0,0.0,0.3,0.0,0.0,0.0,,0.0,0.0,0.0,,0.0,0.3,0.3,0.3,0.0,0.0,0.0,0.0,0.0,43.0,43,1
168,Erick Green,PG,24,UTA,6,0,5.8,0.8,2.0,0.417,0.2,0.7,0.25,0.7,1.3,0.5,0.458,0.3,0.3,1.0,0.5,0.3,0.8,0.3,0.2,0.0,0.0,0.7,2.2,43.0,43,1
169,Gerald Green,SG,30,MIA,69,14,22.6,3.3,8.5,0.392,1.2,3.8,0.323,2.1,4.7,0.446,0.463,1.0,1.3,0.783,0.4,2.0,2.4,0.8,0.6,0.3,0.7,1.8,8.9,74.0,428,5
170,JaMychal Green,PF,25,MEM,78,15,18.5,2.9,6.3,0.465,0.2,0.6,0.333,2.8,5.8,0.478,0.48,1.3,1.8,0.752,1.8,3.0,4.8,0.9,0.6,0.4,1.1,2.4,7.4,24.0,24,0
171,Jeff Green,SF,29,TOT,80,41,28.2,4.4,10.3,0.43,0.8,2.7,0.315,3.6,7.6,0.47,0.47,2.1,2.8,0.745,0.9,3.2,4.2,1.7,0.7,0.5,1.2,2.1,11.7,78.0,556,7
171,Jeff Green,SF,29,MEM,53,31,29.1,4.5,10.5,0.431,0.8,2.6,0.309,3.7,7.9,0.47,0.469,2.3,2.9,0.8,1.0,3.5,4.5,1.8,0.8,0.4,1.3,1.9,12.2,78.0,556,7
171,Jeff Green,SF,29,LAC,27,10,26.3,4.2,9.9,0.427,0.9,2.9,0.325,3.3,7.0,0.468,0.474,1.5,2.4,0.615,0.7,2.7,3.4,1.5,0.7,0.8,0.9,2.3,10.9,78.0,556,7
172,Blake Griffin,PF,26,LAC,35,35,33.4,8.6,17.2,0.499,0.2,0.5,0.333,8.4,16.7,0.504,0.504,4.0,5.5,0.727,1.5,6.9,8.4,4.9,0.8,0.5,2.4,2.7,21.4,67.0,375,5
173,Jorge Gutiérrez,PG,27,CHO,12,0,5.3,0.5,0.9,0.545,0.0,0.2,0.0,0.5,0.8,0.667,0.545,0.8,0.9,0.909,0.0,0.6,0.6,1.4,0.3,0.0,0.5,0.3,1.8,20.0,35,0
174,P.J. Hairston,SF,23,TOT,66,52,19.9,2.2,6.2,0.355,1.1,3.7,0.29,1.1,2.5,0.449,0.441,0.8,1.0,0.781,0.4,2.3,2.6,0.6,0.5,0.2,0.6,2.1,6.2,45.0,45,1
174,P.J. Hairston,SF,23,CHO,48,43,19.5,2.1,5.8,0.359,1.1,3.6,0.314,0.9,2.2,0.433,0.457,0.7,0.9,0.81,0.4,2.3,2.7,0.6,0.5,0.1,0.5,2.2,6.0,45.0,45,1
174,P.J. Hairston,SF,23,MEM,18,9,20.8,2.6,7.3,0.348,0.9,3.8,0.232,1.7,3.5,0.476,0.409,0.9,1.2,0.727,0.4,2.2,2.6,0.5,0.4,0.2,0.9,1.7,6.9,45.0,45,1
175,Jordan Hamilton,SF,25,NOP,11,4,27.6,4.5,10.5,0.422,1.2,4.1,0.289,3.3,6.5,0.507,0.478,1.3,1.9,0.667,1.1,4.5,5.6,2.3,0.7,0.3,1.5,2.2,11.4,14.0,140,2
176,Tyler Hansbrough,PF,30,CHO,44,0,7.8,0.7,1.6,0.451,0.0,0.1,0.667,0.7,1.5,0.441,0.465,0.9,1.5,0.585,0.9,1.1,2.0,0.2,0.3,0.2,0.3,1.3,2.4,74.0,384,5
177,Tim Hardaway Jr.,SG,23,ATL,51,1,16.9,2.2,5.2,0.43,0.9,2.8,0.338,1.3,2.4,0.537,0.521,1.0,1.1,0.893,0.1,1.5,1.7,1.0,0.4,0.1,0.5,0.9,6.4,70.0,151,2
178,James Harden,SG,26,HOU,82,82,38.1,8.7,19.7,0.439,2.9,8.0,0.359,5.8,11.7,0.494,0.512,8.8,10.2,0.86,0.8,5.3,6.1,7.5,1.7,0.6,4.6,2.8,29.0,81.0,452,6
179,Maurice Harkless,SF,22,POR,78,14,18.7,2.5,5.3,0.474,0.5,1.8,0.279,2.0,3.5,0.576,0.522,0.9,1.4,0.622,1.3,2.3,3.6,0.9,0.6,0.4,0.8,1.6,6.4,45.0,201,3
180,Justin Harper,PF,26,DET,5,0,7.0,0.8,2.0,0.4,0.8,1.8,0.444,0.0,0.2,0.0,0.6,0.2,0.4,0.5,0.0,0.2,0.2,0.0,0.2,0.0,0.4,0.6,2.6,0.0,14,0
181,Montrezl Harrell,PF,22,HOU,39,1,9.7,1.5,2.3,0.644,0.0,0.0,0.0,1.5,2.3,0.652,0.644,0.6,1.2,0.522,0.6,1.0,1.7,0.4,0.3,0.3,0.4,1.2,3.6,0.0,0,0
182,Devin Harris,PG,32,DAL,64,0,20.0,2.6,5.8,0.447,0.8,2.5,0.329,1.8,3.4,0.532,0.516,1.6,2.2,0.721,0.3,1.9,2.2,1.8,0.9,0.2,1.0,1.9,7.6,76.0,717,11
183,Gary Harris,SG,21,DEN,76,76,32.1,4.7,10.1,0.469,1.4,3.9,0.354,3.3,6.2,0.543,0.538,1.4,1.8,0.82,0.7,2.2,2.9,1.9,1.3,0.2,1.3,1.9,12.3,55.0,55,1
184,Joe Harris,SG,24,CLE,5,0,3.0,0.2,0.8,0.25,0.2,0.8,0.25,0.0,0.0,,0.375,0.0,0.0,,0.0,0.6,0.6,0.4,0.0,0.0,0.2,0.2,0.6,51.0,51,1
185,Tobias Harris,PF,23,TOT,76,74,33.1,5.5,11.7,0.469,1.1,3.1,0.335,4.4,8.6,0.518,0.514,2.7,3.2,0.831,1.3,5.4,6.7,2.2,0.9,0.5,1.4,2.0,14.7,68.0,226,4
185,Tobias Harris,PF,23,ORL,49,49,32.9,5.1,11.0,0.464,1.0,3.1,0.311,4.2,8.0,0.523,0.507,2.4,3.1,0.784,1.4,5.5,7.0,2.0,1.0,0.6,1.6,1.9,13.7,68.0,226,4
185,Tobias Harris,PF,23,DET,27,25,33.4,6.1,12.9,0.477,1.2,3.3,0.375,4.9,9.6,0.512,0.524,3.0,3.3,0.911,0.9,5.3,6.2,2.6,0.7,0.4,1.1,2.3,16.6,68.0,226,4
186,Aaron Harrison,SG,21,CHO,21,0,4.4,0.2,0.9,0.263,0.1,0.5,0.3,0.1,0.4,0.222,0.342,0.2,0.6,0.417,0.2,0.5,0.7,0.1,0.3,0.0,0.2,0.5,0.9,0.0,0,0
187,Udonis Haslem,PF,35,MIA,37,0,7.0,0.6,1.6,0.377,0.0,0.2,0.111,0.6,1.4,0.423,0.385,0.3,0.4,0.75,0.3,1.8,2.0,0.4,0.1,0.1,0.1,0.7,1.6,62.0,777,11
188,Spencer Hawes,PF,27,CHO,57,6,18.2,2.2,5.4,0.405,0.7,1.8,0.373,1.5,3.6,0.422,0.467,0.9,1.1,0.831,0.9,3.4,4.3,1.9,0.4,0.5,1.0,1.9,6.0,73.0,573,8
189,Chuck Hayes,C,32,HOU,2,0,12.0,0.5,1.0,0.5,0.0,0.0,,0.5,1.0,0.5,0.5,1.0,1.0,1.0,0.0,4.0,4.0,1.0,0.0,0.0,1.5,3.0,2.0,29.0,642,9
190,Gordon Hayward,SF,25,UTA,80,80,36.2,6.5,15.0,0.433,1.8,5.1,0.349,4.7,9.9,0.477,0.493,4.9,6.0,0.824,0.8,4.2,5.0,3.7,1.2,0.3,2.5,2.3,19.7,76.0,363,5
191,Gerald Henderson,SG,28,POR,72,0,19.9,3.2,7.3,0.439,0.7,1.9,0.353,2.6,5.5,0.468,0.484,1.6,2.0,0.767,0.4,2.5,2.9,1.0,0.5,0.3,0.9,1.2,8.7,80.0,391,6
192,John Henson,C,25,MIL,57,1,16.8,2.9,5.1,0.564,0.0,0.0,0.0,2.9,5.1,0.566,0.564,1.2,2.1,0.59,1.5,2.4,3.9,0.9,0.3,1.9,1.1,2.3,7.0,67.0,200,3
193,Mario Hezonja,SF,20,ORL,79,9,17.9,2.3,5.3,0.433,0.8,2.4,0.349,1.4,2.9,0.504,0.513,0.6,0.7,0.907,0.4,1.9,2.2,1.4,0.5,0.2,1.2,1.6,6.1,0.0,0,0
194,Roy Hibbert,C,29,LAL,81,81,23.2,2.2,5.1,0.443,0.0,0.0,0.0,2.2,5.0,0.445,0.443,1.4,1.8,0.807,1.6,3.3,4.9,1.2,0.4,1.4,0.9,3.1,5.9,76.0,533,7
195,J.J. Hickson,C,27,TOT,35,9,12.5,2.3,4.4,0.516,0.0,0.0,0.0,2.3,4.4,0.519,0.516,1.3,2.9,0.447,1.1,2.7,3.8,0.7,0.4,0.4,0.7,1.3,5.9,73.0,499,7
195,J.J. Hickson,C,27,DEN,20,9,15.3,2.8,5.5,0.505,0.0,0.0,,2.8,5.5,0.505,0.505,1.4,3.0,0.458,1.1,3.3,4.4,0.8,0.5,0.6,0.8,1.8,6.9,73.0,499,7
195,J.J. Hickson,C,27,WAS,15,0,8.7,1.7,3.1,0.543,0.0,0.1,0.0,1.7,3.0,0.556,0.543,1.3,2.9,0.432,1.1,1.9,3.0,0.5,0.3,0.1,0.6,0.8,4.6,73.0,499,7
196,Nenê,PF,33,WAS,57,11,19.2,3.7,6.7,0.544,0.0,0.1,0.0,3.7,6.7,0.549,0.544,1.9,3.2,0.578,0.9,3.6,4.5,1.7,0.9,0.5,1.3,2.7,9.2,67.0,747,11
197,George Hill,PG,29,IND,74,73,34.1,4.4,10.0,0.441,1.7,4.2,0.408,2.7,5.7,0.466,0.528,1.5,2.0,0.76,0.8,3.2,4.0,3.5,1.1,0.2,1.4,2.0,12.1,43.0,476,7
198,Jordan Hill,C,28,IND,73,11,20.7,3.8,7.5,0.506,0.0,0.0,0.0,3.8,7.5,0.507,0.506,1.2,1.7,0.712,2.1,4.0,6.2,1.2,0.5,0.5,1.3,2.1,8.8,70.0,329,5
199,Solomon Hill,SF,24,IND,59,3,14.7,1.6,3.5,0.447,0.4,1.3,0.324,1.2,2.3,0.515,0.505,0.6,0.7,0.857,0.7,2.2,2.8,1.0,0.6,0.2,0.6,1.2,4.2,82.0,110,1
200,Darrun Hilliard,SG,22,DET,38,2,10.1,1.4,3.4,0.397,0.5,1.3,0.38,0.9,2.1,0.407,0.469,0.8,1.1,0.725,0.1,1.1,1.2,0.7,0.2,0.0,0.5,0.7,4.0,0.0,0,0
201,Kirk Hinrich,PG,35,TOT,46,7,13.7,1.1,2.8,0.38,0.5,1.3,0.387,0.5,1.5,0.373,0.473,0.3,0.3,0.938,0.2,1.3,1.5,1.6,0.3,0.0,0.7,1.4,3.0,66.0,833,12
201,Kirk Hinrich,PG,35,CHI,35,7,15.9,1.3,3.4,0.398,0.7,1.6,0.411,0.7,1.8,0.387,0.496,0.4,0.5,0.938,0.2,1.5,1.7,1.7,0.4,0.0,0.8,1.8,3.8,66.0,833,12
201,Kirk Hinrich,PG,35,ATL,11,0,6.9,0.2,1.0,0.182,0.1,0.5,0.167,0.1,0.5,0.2,0.227,0.0,0.0,,0.1,1.0,1.1,1.3,0.2,0.1,0.3,0.1,0.5,66.0,833,12
202,Jrue Holiday,PG,25,NOP,65,23,28.2,6.3,14.4,0.439,1.3,4.0,0.336,5.0,10.4,0.478,0.485,2.8,3.3,0.843,0.4,2.6,3.0,6.0,1.4,0.3,2.6,2.3,16.8,40.0,372,5
203,Justin Holiday,SG,26,TOT,53,5,14.6,1.7,4.3,0.386,0.7,2.0,0.343,1.0,2.3,0.423,0.465,0.5,0.7,0.73,0.2,1.5,1.7,1.1,0.6,0.4,0.7,1.2,4.5,59.0,68,1
203,Justin Holiday,SG,26,ATL,26,1,10.1,0.9,2.8,0.329,0.4,1.7,0.222,0.5,1.1,0.5,0.397,0.2,0.4,0.5,0.2,0.9,1.0,0.4,0.5,0.2,0.5,0.8,2.4,59.0,68,1
203,Justin Holiday,SG,26,CHI,27,4,18.9,2.4,5.7,0.413,1.0,2.2,0.433,1.4,3.5,0.4,0.497,0.8,1.0,0.815,0.3,2.0,2.3,1.7,0.7,0.6,1.0,1.5,6.5,59.0,68,1
204,Ryan Hollins,C,31,TOT,37,12,12.4,1.3,2.1,0.62,0.0,0.0,,1.3,2.1,0.62,0.62,0.7,1.1,0.619,1.3,1.4,2.6,0.3,0.2,0.6,0.6,1.7,3.4,46.0,481,8
204,Ryan Hollins,C,31,WAS,5,3,9.6,0.8,1.4,0.571,0.0,0.0,,0.8,1.4,0.571,0.571,0.0,0.0,,1.4,0.8,2.2,0.0,0.0,0.2,0.6,0.8,1.6,46.0,481,8
204,Ryan Hollins,C,31,MEM,32,9,12.9,1.4,2.3,0.625,0.0,0.0,,1.4,2.3,0.625,0.625,0.8,1.3,0.619,1.3,1.5,2.7,0.3,0.2,0.6,0.7,1.8,3.6,46.0,481,8
205,Rondae Hollis-Jefferson,SF,21,BRK,29,17,21.2,2.2,4.8,0.457,0.1,0.5,0.286,2.0,4.3,0.476,0.471,1.3,1.8,0.712,1.3,4.0,5.3,1.5,1.3,0.6,0.9,2.1,5.8,0.0,0,0
206,Richaun Holmes,PF,22,PHI,51,1,13.8,2.2,4.4,0.514,0.2,0.9,0.182,2.1,3.5,0.596,0.532,1.0,1.5,0.689,1.2,1.4,2.6,0.6,0.4,0.8,0.6,1.8,5.6,0.0,0,0
207,Rodney Hood,SG,23,UTA,79,79,32.2,5.2,12.3,0.42,2.0,5.7,0.359,3.1,6.6,0.472,0.503,2.2,2.5,0.86,0.5,2.9,3.4,2.7,0.9,0.2,1.6,2.6,14.5,50.0,50,1
208,Al Horford,C,29,ATL,82,82,32.1,6.5,12.8,0.505,1.1,3.1,0.344,5.4,9.7,0.557,0.547,1.3,1.6,0.798,1.8,5.5,7.3,3.2,0.8,1.5,1.3,2.0,15.2,76.0,496,6
209,Dwight Howard,C,30,HOU,71,71,32.1,5.2,8.5,0.62,0.0,0.1,0.0,5.2,8.4,0.626,0.62,3.3,6.7,0.489,3.4,8.4,11.8,1.4,1.0,1.6,2.3,3.1,13.7,41.0,809,11
210,Marcelo Huertas,PG,32,LAL,53,0,16.4,1.8,4.3,0.422,0.3,1.2,0.262,1.5,3.2,0.479,0.457,0.5,0.5,0.931,0.3,1.4,1.7,3.4,0.5,0.1,1.5,1.4,4.5,0.0,0,0
211,Josh Huestis,PF,24,OKC,5,0,11.0,1.0,2.4,0.417,0.8,1.2,0.667,0.2,1.2,0.167,0.583,0.0,0.8,0.0,0.4,1.6,2.0,0.0,0.2,0.4,0.6,0.6,2.8,0.0,0,0
212,Kris Humphries,PF,30,TOT,53,17,15.8,2.3,5.6,0.41,0.6,2.0,0.315,1.6,3.5,0.465,0.468,1.3,1.6,0.798,1.1,3.0,4.1,0.7,0.3,0.4,0.7,1.8,6.5,64.0,691,10
212,Kris Humphries,PF,30,WAS,28,14,16.6,2.3,5.6,0.405,0.8,2.4,0.343,1.5,3.3,0.451,0.478,1.0,1.1,0.935,0.9,3.2,4.1,0.6,0.1,0.5,0.7,1.5,6.4,64.0,691,10
212,Kris Humphries,PF,30,PHO,4,3,18.5,2.5,9.0,0.278,0.8,2.5,0.3,1.8,6.5,0.269,0.319,1.5,2.0,0.75,2.8,5.3,8.0,1.8,0.8,0.5,1.0,2.0,7.3,64.0,691,10
212,Kris Humphries,PF,30,ATL,21,0,14.0,2.2,4.8,0.465,0.4,1.5,0.258,1.9,3.3,0.557,0.505,1.5,2.1,0.711,1.0,2.4,3.4,0.6,0.5,0.3,0.7,2.1,6.4,64.0,691,10
213,R.J. Hunter,SG,22,BOS,36,0,8.8,1.0,2.7,0.367,0.5,1.8,0.302,0.5,1.0,0.486,0.464,0.2,0.2,0.857,0.1,1.0,1.0,0.4,0.4,0.1,0.3,0.8,2.7,0.0,0,0
214,Serge Ibaka,PF,26,OKC,78,78,32.1,5.3,11.1,0.479,0.8,2.4,0.326,4.6,8.8,0.52,0.513,1.2,1.6,0.752,1.8,5.0,6.8,0.8,0.5,1.9,1.4,2.7,12.6,64.0,446,6
215,Andre Iguodala,SF,32,GSW,65,1,26.6,2.7,5.7,0.478,0.8,2.4,0.351,1.9,3.3,0.57,0.552,0.8,1.3,0.614,0.8,3.2,4.0,3.4,1.1,0.3,1.2,1.6,7.0,77.0,835,11
216,Ersan İlyasova,PF,28,TOT,74,56,25.4,3.8,8.9,0.424,1.3,3.5,0.371,2.5,5.4,0.458,0.496,1.5,2.1,0.721,1.9,3.5,5.4,0.9,0.7,0.4,1.0,2.3,10.4,58.0,453,7
216,Ersan İlyasova,PF,28,DET,52,52,27.6,4.2,9.8,0.425,1.5,4.1,0.363,2.7,5.6,0.471,0.502,1.5,2.1,0.725,1.9,3.5,5.4,1.1,0.7,0.5,1.1,2.3,11.3,58.0,453,7
216,Ersan İlyasova,PF,28,ORL,22,4,20.3,2.9,7.0,0.418,0.8,2.0,0.409,2.1,5.0,0.422,0.477,1.5,2.0,0.711,2.0,3.5,5.5,0.5,0.6,0.3,0.5,2.3,8.1,58.0,453,7
217,Joe Ingles,SF,28,UTA,81,2,15.3,1.5,3.6,0.426,1.0,2.6,0.386,0.5,1.0,0.531,0.565,0.2,0.2,0.722,0.2,1.6,1.9,1.2,0.7,0.0,0.8,1.2,4.2,79.0,79,1
218,Damien Inglis,SF,20,MIL,20,1,7.8,0.7,1.9,0.351,0.2,0.7,0.231,0.5,1.2,0.417,0.392,0.4,0.4,0.875,0.1,1.5,1.6,0.5,0.3,0.2,0.6,0.6,1.8,0.0,0,0
219,Kyrie Irving,PG,23,CLE,53,53,31.5,7.4,16.6,0.448,1.6,4.9,0.321,5.8,11.6,0.502,0.496,3.2,3.6,0.885,0.8,2.1,3.0,4.7,1.1,0.3,2.3,2.0,19.6,75.0,256,4
220,Jarrett Jack,PG,32,BRK,32,32,32.1,4.4,11.2,0.391,1.0,3.2,0.304,3.4,8.0,0.426,0.434,3.1,3.5,0.893,0.3,4.0,4.3,7.4,1.1,0.2,2.9,2.4,12.8,80.0,771,10
221,Reggie Jackson,PG,25,DET,79,79,30.7,6.8,15.7,0.434,1.5,4.2,0.353,5.3,11.5,0.464,0.482,3.7,4.3,0.864,0.7,2.5,3.2,6.2,0.7,0.1,2.8,2.4,18.8,77.0,272,4
222,LeBron James,SF,31,CLE,76,76,35.6,9.7,18.6,0.52,1.1,3.7,0.309,8.6,14.9,0.573,0.551,4.7,6.5,0.731,1.5,6.0,7.4,6.8,1.4,0.6,3.3,1.9,25.3,69.0,911,12
223,Al Jefferson,C,31,CHO,47,18,23.3,5.2,10.7,0.485,0.0,0.0,,5.2,10.7,0.485,0.485,1.5,2.4,0.649,1.2,5.2,6.4,1.5,0.6,0.9,0.7,2.5,12.0,65.0,766,11
224,Cory Jefferson,PF,25,PHO,8,0,6.3,1.1,2.8,0.409,0.0,0.1,0.0,1.1,2.6,0.429,0.409,0.5,0.8,0.667,0.8,1.3,2.0,0.0,0.0,0.1,0.0,1.0,2.8,50.0,50,1
225,Richard Jefferson,SF,35,CLE,74,5,17.9,1.9,4.2,0.458,0.9,2.3,0.382,1.0,1.9,0.554,0.564,0.8,1.2,0.667,0.2,1.5,1.7,0.8,0.4,0.2,0.6,1.7,5.5,74.0,1008,13
226,John Jenkins,SG,24,TOT,43,3,11.2,1.7,3.7,0.444,0.4,1.2,0.314,1.3,2.5,0.505,0.494,0.5,0.6,0.833,0.2,1.1,1.3,0.8,0.2,0.0,0.6,0.5,4.1,24.0,98,1
226,John Jenkins,SG,24,DAL,21,1,9.2,1.4,3.3,0.414,0.1,0.9,0.158,1.2,2.4,0.51,0.436,0.4,0.4,0.889,0.2,0.9,1.0,0.4,0.1,0.0,0.5,0.5,3.3,24.0,98,1
226,John Jenkins,SG,24,PHO,22,2,13.0,1.9,4.1,0.467,0.6,1.5,0.406,1.3,2.6,0.5,0.539,0.5,0.7,0.8,0.2,1.4,1.6,1.2,0.2,0.0,0.7,0.5,5.0,24.0,98,1
227,Brandon Jennings,PG,26,TOT,48,7,18.1,2.3,6.3,0.368,1.1,3.2,0.329,1.3,3.1,0.409,0.452,1.2,1.6,0.731,0.3,1.7,2.0,3.5,0.6,0.1,1.2,1.2,6.9,41.0,412,6
227,Brandon Jennings,PG,26,DET,23,1,18.1,2.3,6.2,0.371,1.0,3.3,0.312,1.3,2.9,0.439,0.455,1.2,1.7,0.711,0.2,1.8,2.0,3.0,0.5,0.1,1.0,1.0,6.8,41.0,412,6
227,Brandon Jennings,PG,26,ORL,25,6,18.1,2.4,6.4,0.366,1.1,3.1,0.346,1.3,3.3,0.386,0.45,1.2,1.6,0.75,0.4,1.6,2.0,4.0,0.7,0.2,1.4,1.3,7.0,41.0,412,6
228,Jonas Jerebko,PF,28,BOS,78,0,15.1,1.5,3.7,0.413,0.6,1.4,0.398,1.0,2.3,0.421,0.488,0.8,1.0,0.782,1.0,2.7,3.7,0.8,0.3,0.3,0.7,1.8,4.4,75.0,332,5
229,Amir Johnson,PF,28,BOS,79,76,22.8,3.2,5.4,0.585,0.1,0.5,0.233,3.0,4.8,0.624,0.596,0.9,1.5,0.57,2.3,4.1,6.4,1.7,0.7,1.1,1.2,2.7,7.3,75.0,586,8
230,Chris Johnson,SF,25,UTA,70,2,12.2,1.0,2.8,0.371,0.4,1.4,0.273,0.6,1.4,0.474,0.441,0.5,0.6,0.81,0.4,1.5,1.9,0.6,0.5,0.3,0.6,1.4,2.9,29.0,140,1
231,James Johnson,PF,28,TOR,57,32,16.2,2.0,4.2,0.475,0.4,1.2,0.303,1.6,3.1,0.54,0.517,0.7,1.2,0.574,0.5,1.7,2.2,1.2,0.5,0.6,0.9,1.5,5.0,70.0,341,6
232,Joe Johnson,SF,34,TOT,81,81,33.4,4.7,10.6,0.439,1.5,3.9,0.383,3.2,6.7,0.471,0.509,1.5,1.8,0.831,0.6,3.0,3.6,3.9,0.8,0.0,2.0,1.8,12.2,80.0,1062,14
232,Joe Johnson,SF,34,BRK,57,57,33.9,4.3,10.7,0.406,1.5,4.0,0.371,2.8,6.6,0.427,0.476,1.6,1.9,0.852,0.6,3.3,3.9,4.1,0.7,0.0,2.0,1.8,11.8,80.0,1062,14
232,Joe Johnson,SF,34,MIA,24,24,32.0,5.4,10.5,0.518,1.5,3.5,0.417,4.0,7.0,0.569,0.588,1.1,1.4,0.765,0.6,2.2,2.8,3.6,0.9,0.1,1.8,1.9,13.4,80.0,1062,14
233,Orlando Johnson,SG,26,TOT,7,1,14.4,1.3,4.9,0.265,0.3,1.4,0.2,1.0,3.4,0.292,0.294,0.9,1.1,0.75,0.6,1.6,2.1,0.3,0.4,0.4,0.6,1.3,3.7,0.0,96,2
233,Orlando Johnson,SG,26,PHO,2,0,23.5,2.5,8.5,0.294,0.5,2.5,0.2,2.0,6.0,0.333,0.324,2.5,3.0,0.833,1.5,3.0,4.5,0.0,1.0,1.5,0.5,2.5,8.0,0.0,96,2
233,Orlando Johnson,SG,26,NOP,5,1,10.8,0.8,3.4,0.235,0.2,1.0,0.2,0.6,2.4,0.25,0.265,0.2,0.4,0.5,0.2,1.0,1.2,0.4,0.2,0.0,0.6,0.8,2.0,0.0,96,2
234,Stanley Johnson,SF,19,DET,73,6,23.1,3.1,8.2,0.375,0.9,2.8,0.307,2.2,5.4,0.41,0.428,1.1,1.4,0.784,0.8,3.4,4.2,1.6,0.8,0.2,1.6,2.4,8.1,0.0,0,0
235,Tyler Johnson,SG,23,MIA,36,5,24.0,3.3,6.8,0.486,0.8,2.0,0.38,2.5,4.8,0.529,0.541,1.4,1.8,0.797,0.8,2.3,3.0,2.2,0.7,0.4,1.3,1.8,8.7,32.0,32,0
236,Wesley Johnson,SF,28,LAC,80,9,20.8,2.6,6.4,0.404,1.3,3.9,0.333,1.3,2.6,0.51,0.504,0.4,0.6,0.652,0.5,2.6,3.1,0.6,1.1,0.7,0.7,2.2,6.9,76.0,349,5
237,Nikola Jokić,C,20,DEN,80,55,21.7,3.8,7.5,0.512,0.4,1.1,0.333,3.5,6.5,0.541,0.535,1.9,2.4,0.811,2.3,4.7,7.0,2.4,1.0,0.6,1.3,2.6,10.0,0.0,0,0
238,Dahntay Jones,SF,35,CLE,1,0,42.0,6.0,14.0,0.429,1.0,2.0,0.5,5.0,12.0,0.417,0.464,0.0,0.0,,1.0,4.0,5.0,2.0,1.0,2.0,0.0,6.0,13.0,33.0,622,8
239,James Jones,SF,35,CLE,48,0,9.6,1.2,3.0,0.408,0.9,2.2,0.394,0.4,0.8,0.447,0.553,0.4,0.5,0.808,0.2,0.9,1.0,0.3,0.2,0.2,0.3,1.0,3.7,57.0,613,10
240,Terrence Jones,PF,24,HOU,50,11,20.9,3.3,7.3,0.452,0.5,1.6,0.316,2.8,5.8,0.49,0.486,1.5,2.3,0.664,1.2,3.0,4.2,0.8,0.5,0.8,1.0,1.7,8.7,33.0,128,1
241,Tyus Jones,PG,19,MIN,37,0,15.5,1.5,4.2,0.359,0.4,1.4,0.302,1.1,2.8,0.388,0.41,0.8,1.1,0.718,0.2,1.1,1.3,2.9,0.8,0.1,0.9,0.9,4.2,0.0,0,0
242,DeAndre Jordan,C,27,LAC,77,77,33.7,4.6,6.6,0.703,0.0,0.0,0.0,4.6,6.6,0.704,0.703,3.5,8.0,0.43,3.5,10.3,13.8,1.2,0.7,2.3,1.4,2.7,12.7,82.0,515,7
243,Cory Joseph,SG,24,TOR,80,4,25.6,3.2,7.3,0.439,0.4,1.4,0.273,2.8,5.9,0.478,0.465,1.7,2.2,0.764,0.5,2.1,2.6,3.1,0.8,0.3,1.3,1.6,8.5,79.0,204,2
244,Chris Kaman,C,33,POR,16,2,7.0,1.3,2.7,0.465,0.1,0.3,0.25,1.2,2.4,0.487,0.477,0.2,0.2,1.0,0.4,1.1,1.5,0.7,0.1,0.1,0.5,0.9,2.8,74.0,719,10
245,Frank Kaminsky,C,22,CHO,81,3,21.1,2.7,6.5,0.41,0.8,2.5,0.337,1.8,4.0,0.455,0.474,1.3,1.8,0.73,0.9,3.3,4.1,1.2,0.5,0.5,0.7,1.6,7.5,0.0,0,0
246,Sergey Karasev,SF,22,BRK,40,5,10.0,0.8,1.9,0.405,0.3,0.9,0.297,0.5,0.9,0.514,0.48,0.7,0.7,0.929,0.2,1.3,1.5,0.9,0.2,0.1,0.6,0.7,2.4,33.0,55,0
247,Sasha Kaun,C,30,CLE,25,0,3.8,0.4,0.7,0.529,0.0,0.0,,0.4,0.7,0.529,0.529,0.2,0.4,0.455,0.5,0.6,1.0,0.1,0.2,0.2,0.3,0.4,0.9,0.0,0,0
248,Ryan Kelly,PF,24,LAL,36,0,13.1,1.5,4.1,0.369,0.1,1.0,0.135,1.4,3.1,0.446,0.386,1.0,1.5,0.685,0.6,2.8,3.4,0.6,0.4,0.3,0.5,1.1,4.2,52.0,111,2
249,Michael Kidd-Gilchrist,SF,22,CHO,7,7,29.3,4.7,8.7,0.541,0.4,1.0,0.429,4.3,7.7,0.556,0.566,2.9,4.1,0.69,1.7,4.7,6.4,1.3,0.4,0.4,1.1,1.3,12.7,55.0,195,3
250,Sean Kilpatrick,SG,26,TOT,31,0,19.9,4.0,8.7,0.456,1.3,3.7,0.342,2.7,5.0,0.538,0.528,1.9,2.2,0.896,0.4,1.4,1.8,0.9,0.4,0.1,1.0,1.2,11.1,4.0,4,0
250,Sean Kilpatrick,SG,26,DEN,8,0,10.3,1.0,2.6,0.381,0.5,2.1,0.235,0.5,0.5,1.0,0.476,0.9,1.0,0.875,0.3,0.5,0.8,0.4,0.3,0.0,0.5,0.9,3.4,4.0,4,0
250,Sean Kilpatrick,SG,26,BRK,23,0,23.2,5.0,10.8,0.462,1.5,4.2,0.361,3.5,6.6,0.526,0.532,2.3,2.6,0.898,0.4,1.7,2.2,1.1,0.4,0.1,1.2,1.3,13.8,4.0,4,0
251,Brandon Knight,SG,24,PHO,52,50,36.0,7.1,17.2,0.415,2.3,6.8,0.342,4.8,10.5,0.461,0.482,3.0,3.5,0.852,0.7,3.2,3.9,5.1,1.2,0.4,3.4,2.4,19.6,63.0,276,4
252,Kyle Korver,SG,34,ATL,80,80,30.0,3.4,7.7,0.435,2.0,5.0,0.398,1.4,2.7,0.502,0.563,0.6,0.7,0.833,0.2,3.1,3.3,2.1,0.8,0.4,1.2,2.0,9.2,75.0,884,12
253,Kosta Koufos,C,26,SAC,78,14,19.0,3.0,5.7,0.532,0.0,0.0,,3.0,5.7,0.532,0.532,0.7,1.3,0.548,2.2,3.3,5.4,0.4,0.5,0.9,0.6,2.4,6.8,81.0,424,7
254,Jeremy Lamb,SG,23,CHO,66,0,18.6,3.5,7.7,0.451,0.8,2.7,0.309,2.6,5.0,0.529,0.506,1.0,1.3,0.727,0.7,3.2,3.8,1.2,0.6,0.5,0.8,1.6,8.8,47.0,148,2
255,Carl Landry,PF,32,PHI,36,12,15.8,3.9,6.9,0.556,0.2,0.4,0.462,3.7,6.6,0.561,0.568,1.9,2.5,0.736,1.4,2.7,4.1,0.9,0.3,0.3,0.6,1.9,9.8,70.0,477,7
256,Shane Larkin,PG,23,BRK,78,17,22.4,2.8,6.4,0.442,0.5,1.4,0.361,2.3,5.1,0.464,0.481,1.1,1.4,0.776,0.4,1.9,2.3,4.4,1.2,0.2,1.9,1.6,7.3,76.0,124,2
257,Joffrey Lauvergne,C,24,DEN,59,15,17.6,3.3,6.4,0.513,0.2,0.9,0.245,3.1,5.5,0.557,0.53,1.1,1.2,0.899,1.3,3.6,4.9,0.9,0.2,0.3,0.9,1.9,7.9,24.0,24,0
258,Zach LaVine,SG,20,MIN,82,33,28.0,5.3,11.7,0.452,1.5,3.9,0.389,3.8,7.8,0.482,0.516,2.0,2.5,0.793,0.3,2.5,2.8,3.1,0.8,0.2,1.9,2.4,14.0,77.0,77,1
259,Ty Lawson,PG,28,TOT,66,13,21.4,2.1,5.4,0.393,0.5,1.6,0.333,1.6,3.7,0.419,0.444,0.9,1.3,0.686,0.4,1.4,1.8,3.6,0.8,0.1,1.4,1.3,5.7,75.0,416,6
259,Ty Lawson,PG,28,HOU,53,12,22.2,2.1,5.4,0.387,0.6,1.8,0.33,1.5,3.6,0.415,0.441,1.1,1.5,0.7,0.4,1.3,1.7,3.4,0.8,0.1,1.5,1.3,5.8,75.0,416,6
259,Ty Lawson,PG,28,IND,13,1,18.1,2.2,5.2,0.418,0.4,1.1,0.357,1.8,4.1,0.434,0.455,0.2,0.5,0.5,0.5,1.9,2.4,4.4,0.8,0.1,1.0,1.2,4.9,75.0,416,6
260,Courtney Lee,SG,30,TOT,79,65,29.5,3.7,8.1,0.454,1.0,2.7,0.378,2.6,5.3,0.493,0.518,1.3,1.5,0.839,0.4,2.2,2.6,1.7,1.1,0.4,0.9,1.7,9.6,77.0,521,7
260,Courtney Lee,SG,30,MEM,51,37,29.2,3.8,8.2,0.458,1.0,2.7,0.37,2.8,5.5,0.502,0.519,1.5,1.8,0.826,0.4,1.9,2.3,1.5,1.0,0.3,1.0,1.5,10.0,77.0,521,7
260,Courtney Lee,SG,30,CHO,28,28,30.2,3.5,7.9,0.445,1.1,2.8,0.392,2.4,5.0,0.475,0.516,0.8,0.9,0.885,0.4,2.8,3.1,2.1,1.2,0.4,0.8,2.0,8.9,77.0,521,7
261,David Lee,PF,32,TOT,55,5,16.4,3.2,6.1,0.531,0.0,0.0,0.0,3.2,6.1,0.533,0.531,1.3,1.7,0.763,1.8,3.7,5.5,1.5,0.4,0.5,1.2,2.1,7.8,49.0,695,10
261,David Lee,PF,32,BOS,30,4,15.7,2.9,6.4,0.453,0.0,0.0,0.0,2.9,6.4,0.455,0.453,1.3,1.7,0.784,1.4,3.0,4.3,1.8,0.4,0.4,1.3,1.7,7.1,49.0,695,10
261,David Lee,PF,32,DAL,25,1,17.3,3.6,5.7,0.636,0.0,0.0,,3.6,5.7,0.636,0.636,1.2,1.7,0.738,2.4,4.6,7.0,1.2,0.4,0.6,1.1,2.5,8.5,49.0,695,10
262,Alex Len,C,22,PHO,78,46,23.3,3.4,8.0,0.423,0.0,0.1,0.143,3.4,7.9,0.426,0.424,2.2,3.1,0.728,2.3,5.3,7.6,1.2,0.5,0.8,1.9,2.9,9.0,69.0,111,2
263,Kawhi Leonard,SF,24,SAS,72,72,33.1,7.7,15.1,0.506,1.8,4.0,0.443,5.9,11.1,0.528,0.565,4.1,4.6,0.874,1.3,5.5,6.8,2.6,1.8,1.0,1.5,1.8,21.2,64.0,252,4
264,Meyers Leonard,PF,23,POR,61,10,21.9,3.2,7.1,0.448,1.4,3.7,0.377,1.8,3.4,0.527,0.547,0.6,0.8,0.761,0.8,4.3,5.1,1.5,0.1,0.3,1.3,3.0,8.4,55.0,164,3
265,Jon Leuer,PF,26,PHO,67,27,18.7,3.3,7.0,0.481,0.6,1.6,0.382,2.7,5.3,0.511,0.526,1.1,1.5,0.762,1.1,4.4,5.6,1.1,0.6,0.4,1.1,1.9,8.5,63.0,186,3
266,Damian Lillard,PG,25,POR,75,75,35.7,8.2,19.7,0.419,3.1,8.1,0.375,5.2,11.5,0.45,0.497,5.5,6.2,0.892,0.6,3.4,4.0,6.8,0.9,0.4,3.2,2.2,25.1,82.0,246,3
267,Jeremy Lin,SG,27,CHO,78,13,26.3,3.8,9.3,0.412,1.0,2.9,0.336,2.9,6.4,0.446,0.464,3.1,3.7,0.815,0.5,2.7,3.2,3.0,0.7,0.5,1.9,2.1,11.7,74.0,291,3
268,Shaun Livingston,PG,30,GSW,78,3,19.5,2.6,4.9,0.536,0.0,0.2,0.167,2.6,4.7,0.548,0.538,1.0,1.2,0.86,0.5,1.6,2.2,3.0,0.7,0.3,1.0,1.8,6.3,78.0,544,8
269,Kevon Looney,PF,19,GSW,5,0,4.2,0.8,1.4,0.571,0.2,0.4,0.5,0.6,1.0,0.6,0.643,0.0,0.0,,0.8,1.2,2.0,0.0,0.0,0.0,0.2,0.4,1.8,0.0,0,0
270,Brook Lopez,C,27,BRK,73,73,33.7,8.1,15.8,0.511,0.0,0.2,0.143,8.1,15.7,0.515,0.512,4.3,5.5,0.787,2.8,5.1,7.8,2.0,0.8,1.7,2.4,2.9,20.6,72.0,414,5
271,Robin Lopez,C,27,NYK,82,82,27.1,4.4,8.1,0.539,0.0,0.0,0.0,4.4,8.1,0.54,0.539,1.6,2.0,0.795,3.3,4.1,7.3,1.4,0.2,1.6,1.6,2.2,10.3,59.0,465,7
272,Kevin Love,PF,27,CLE,77,77,31.5,5.3,12.7,0.419,2.1,5.7,0.36,3.3,7.0,0.467,0.499,3.4,4.1,0.822,1.9,8.0,9.9,2.4,0.8,0.5,1.8,2.1,16.0,75.0,439,6
273,Kyle Lowry,PG,29,TOR,77,77,37.0,6.6,15.6,0.427,2.8,7.1,0.388,3.9,8.5,0.461,0.516,5.2,6.4,0.811,0.7,4.0,4.7,6.4,2.1,0.4,2.9,2.7,21.2,70.0,576,8
274,Trey Lyles,PF,20,UTA,80,33,17.3,2.4,5.5,0.438,0.6,1.6,0.383,1.8,3.9,0.461,0.494,0.7,1.0,0.695,0.7,3.0,3.7,0.7,0.3,0.2,0.8,1.4,6.1,0.0,0,0
275,Shelvin Mack,PG,25,TOT,52,27,20.3,3.5,8.0,0.439,0.8,2.4,0.312,2.8,5.6,0.493,0.486,0.9,1.2,0.738,0.3,2.2,2.5,3.6,0.7,0.1,1.8,1.4,8.6,55.0,223,3
275,Shelvin Mack,PG,25,ATL,24,0,7.5,1.7,4.0,0.421,0.2,1.1,0.148,1.5,2.8,0.529,0.442,0.4,0.5,0.75,0.1,0.8,0.9,1.6,0.3,0.0,0.6,0.3,3.9,55.0,223,3
275,Shelvin Mack,PG,25,UTA,28,27,31.4,5.1,11.4,0.444,1.3,3.5,0.357,3.8,7.9,0.482,0.498,1.3,1.8,0.735,0.4,3.4,3.8,5.3,0.9,0.1,2.9,2.3,12.7,55.0,223,3
276,Ian Mahinmi,C,29,IND,71,71,25.6,3.7,6.3,0.589,0.0,0.0,,3.7,6.3,0.589,0.589,1.9,3.2,0.587,1.9,5.2,7.1,1.5,0.9,1.1,1.4,3.1,9.3,61.0,367,5
277,Devyn Marble,SG,23,ORL,28,0,8.9,0.8,2.5,0.296,0.3,1.1,0.25,0.5,1.4,0.333,0.352,0.4,0.9,0.417,0.2,1.1,1.4,0.4,0.5,0.0,0.3,0.9,2.1,16.0,16,0
278,Boban Marjanović,C,27,SAS,54,4,9.4,1.9,3.2,0.603,0.0,0.0,,1.9,3.2,0.603,0.603,1.6,2.1,0.763,1.4,2.2,3.6,0.4,0.2,0.4,0.5,1.0,5.5,0.0,0,0
279,Kendall Marshall,PG,24,PHI,30,6,13.3,1.4,3.9,0.364,0.5,1.6,0.327,0.9,2.3,0.391,0.432,0.3,0.4,0.692,0.1,0.9,0.9,2.4,0.5,0.1,1.4,1.0,3.7,28.0,130,2
280,Jarell Martin,PF,21,MEM,27,0,14.1,2.0,4.3,0.466,0.0,0.1,0.0,2.0,4.2,0.474,0.466,1.7,2.3,0.726,1.4,1.7,3.2,0.6,0.3,0.3,0.7,2.1,5.7,0.0,0,0
281,Kevin Martin,SG,32,TOT,55,13,19.9,2.8,7.6,0.372,0.9,2.5,0.36,1.9,5.1,0.378,0.431,2.8,3.1,0.89,0.3,1.7,2.0,1.1,0.5,0.1,1.0,1.5,9.3,39.0,659,11
281,Kevin Martin,SG,32,MIN,39,12,21.4,3.2,8.6,0.377,1.0,2.6,0.369,2.3,5.9,0.381,0.434,3.2,3.6,0.88,0.3,1.8,2.1,1.2,0.4,0.0,1.1,1.7,10.6,39.0,659,11
281,Kevin Martin,SG,32,SAS,16,1,16.3,1.9,5.3,0.353,0.7,2.1,0.333,1.2,3.3,0.365,0.418,1.8,1.9,0.933,0.3,1.6,1.8,0.8,0.6,0.1,0.8,0.9,6.2,39.0,659,11
282,Wesley Matthews,SF,29,DAL,78,78,33.9,4.2,10.9,0.388,2.4,6.7,0.36,1.8,4.2,0.432,0.498,1.6,1.9,0.863,0.3,2.7,3.1,1.9,1.0,0.2,1.0,2.3,12.5,60.0,441,6
283,O.J. Mayo,SG,28,MIL,41,24,26.6,2.9,7.8,0.371,1.3,4.0,0.321,1.6,3.9,0.421,0.452,0.8,1.0,0.775,0.3,2.2,2.6,2.9,1.2,0.2,1.8,3.1,7.8,71.0,506,7
284,Luc Mbah a Moute,PF,29,LAC,75,61,17.0,1.3,2.8,0.454,0.2,0.5,0.325,1.1,2.2,0.485,0.486,0.4,0.8,0.526,0.8,1.5,2.3,0.4,0.6,0.3,0.5,1.3,3.1,67.0,466,7
285,James Michael McAdoo,PF,23,GSW,41,1,6.4,1.1,2.0,0.536,0.0,0.0,0.5,1.1,2.0,0.537,0.542,0.6,1.2,0.531,0.7,0.7,1.4,0.4,0.2,0.2,0.4,1.0,2.9,15.0,15,0
286,Ray McCallum,PG,24,TOT,41,6,11.6,1.3,3.6,0.377,0.4,1.0,0.357,1.0,2.5,0.385,0.428,0.3,0.4,0.8,0.2,1.0,1.1,1.5,0.3,0.2,0.6,0.7,3.3,68.0,113,2
286,Ray McCallum,PG,24,SAS,31,3,8.3,0.9,2.2,0.403,0.2,0.5,0.313,0.7,1.6,0.431,0.44,0.3,0.3,0.9,0.2,0.8,1.0,1.1,0.2,0.1,0.4,0.5,2.2,68.0,113,2
286,Ray McCallum,PG,24,MEM,10,3,21.9,2.8,7.9,0.354,1.0,2.6,0.385,1.8,5.3,0.34,0.418,0.3,0.5,0.6,0.2,1.4,1.6,2.7,0.7,0.3,1.3,1.5,6.9,68.0,113,2
287,CJ McCollum,SG,24,POR,80,80,34.8,8.0,17.9,0.448,2.5,5.9,0.417,5.6,12.0,0.463,0.517,2.3,2.8,0.827,0.6,2.7,3.2,4.3,1.2,0.3,2.5,2.3,20.8,62.0,100,2
288,T.J. McConnell,PG,23,PHI,81,17,19.8,2.7,5.7,0.47,0.4,1.1,0.348,2.3,4.6,0.499,0.503,0.3,0.5,0.634,0.5,2.6,3.1,4.5,1.2,0.1,1.7,1.4,6.1,0.0,0,0
289,Chris McCullough,PF,20,BRK,24,4,15.1,1.8,4.5,0.404,0.5,1.4,0.382,1.3,3.1,0.413,0.463,0.5,1.0,0.478,1.0,1.8,2.8,0.4,1.2,0.5,0.6,1.6,4.7,0.0,0,0
290,K.J. McDaniels,SF,22,HOU,37,1,6.4,0.8,1.9,0.403,0.2,0.7,0.28,0.6,1.3,0.468,0.451,0.6,0.8,0.8,0.4,0.7,1.1,0.3,0.2,0.2,0.5,0.8,2.4,62.0,62,1
291,Doug McDermott,SF,24,CHI,81,4,23.0,3.6,8.0,0.452,1.4,3.2,0.425,2.2,4.8,0.47,0.537,0.9,1.0,0.857,0.5,2.0,2.4,0.7,0.2,0.1,0.7,1.6,9.4,36.0,36,1
292,Mitch McGary,PF,23,OKC,20,0,3.6,0.6,1.2,0.478,0.0,0.2,0.0,0.6,1.0,0.579,0.478,0.2,0.5,0.4,0.2,0.7,0.9,0.2,0.1,0.1,0.4,0.5,1.3,32.0,32,0
293,JaVale McGee,C,28,DAL,34,2,10.9,2.3,3.9,0.575,0.0,0.0,0.0,2.3,3.9,0.579,0.575,0.5,1.1,0.5,1.6,2.4,3.9,0.1,0.1,0.8,0.6,1.4,5.1,23.0,382,5
294,Ben McLemore,SG,22,SAC,68,53,21.2,2.9,6.7,0.429,1.0,2.7,0.362,1.9,4.0,0.474,0.502,1.1,1.5,0.718,0.5,1.7,2.2,1.2,0.8,0.1,1.5,2.1,7.8,82.0,164,2
295,Jordan McRae,PG,24,TOT,22,1,8.9,1.5,3.5,0.436,0.5,1.0,0.455,1.1,2.5,0.429,0.5,1.0,1.3,0.75,0.2,0.7,0.9,1.1,0.1,0.0,0.7,0.8,4.5,0.0,0,0
295,Jordan McRae,PG,24,PHO,7,0,11.7,1.6,3.7,0.423,0.4,1.6,0.273,1.1,2.1,0.533,0.481,1.7,2.1,0.8,0.3,0.9,1.1,1.4,0.4,0.0,0.9,1.0,5.3,0.0,0,0
295,Jordan McRae,PG,24,CLE,15,1,7.5,1.5,3.5,0.442,0.5,0.7,0.636,1.1,2.7,0.39,0.51,0.6,0.9,0.692,0.1,0.7,0.8,1.0,0.0,0.1,0.6,0.7,4.1,0.0,0,0
296,Josh McRoberts,PF,28,MIA,42,1,14.2,1.3,3.5,0.372,0.3,1.2,0.245,1.0,2.4,0.434,0.412,0.7,1.0,0.7,0.5,2.0,2.5,1.9,0.4,0.2,0.7,1.6,3.6,17.0,367,5
297,Jodie Meeks,SG,28,DET,3,0,14.3,2.3,6.7,0.35,1.3,3.0,0.444,1.0,3.7,0.273,0.45,1.3,1.3,1.0,0.3,1.3,1.7,1.0,0.0,0.0,0.3,0.7,7.3,60.0,415,6
298,Salah Mejri,C,29,DAL,34,6,11.7,1.4,2.3,0.628,0.0,0.0,0.0,1.4,2.3,0.636,0.628,0.8,1.4,0.587,1.2,2.4,3.6,0.3,0.2,1.1,0.7,1.6,3.7,0.0,0,0
299,Jordan Mickey,PF,21,BOS,16,0,3.6,0.5,1.4,0.364,0.0,0.0,,0.5,1.4,0.364,0.364,0.3,0.6,0.5,0.4,0.4,0.8,0.1,0.0,0.7,0.1,0.3,1.3,0.0,0,0
300,Khris Middleton,SG,24,MIL,79,79,36.1,6.4,14.5,0.444,1.8,4.6,0.396,4.6,9.9,0.466,0.507,3.5,3.9,0.888,0.6,3.3,3.8,4.2,1.7,0.2,2.3,2.6,18.2,79.0,188,2
301,C.J. Miles,SF,28,IND,64,24,22.9,4.0,9.9,0.409,2.2,6.0,0.367,1.8,3.9,0.474,0.521,1.5,1.9,0.75,0.4,2.3,2.7,1.0,0.8,0.5,1.1,2.2,11.8,70.0,575,9
302,Andre Miller,PG,39,TOT,39,4,11.8,1.5,2.7,0.557,0.1,0.2,0.25,1.5,2.5,0.582,0.566,0.6,0.8,0.75,0.3,1.0,1.3,2.2,0.4,0.0,0.9,1.2,3.7,81.0,1101,14
302,Andre Miller,PG,39,MIN,26,0,10.8,1.4,2.2,0.621,0.0,0.2,0.25,1.3,2.1,0.648,0.629,0.6,0.7,0.789,0.2,0.7,0.9,2.2,0.3,0.0,1.0,1.2,3.4,81.0,1101,14
302,Andre Miller,PG,39,SAS,13,4,13.9,1.8,3.7,0.479,0.1,0.3,0.25,1.7,3.4,0.5,0.49,0.7,1.0,0.692,0.5,1.6,2.1,2.2,0.5,0.0,0.9,1.1,4.3,81.0,1101,14
303,Mike Miller,SF,35,DEN,47,2,7.9,0.5,1.3,0.355,0.4,1.1,0.365,0.1,0.2,0.3,0.508,0.0,0.0,,0.1,1.0,1.1,0.9,0.3,0.1,0.4,1.1,1.3,52.0,883,14
304,Patty Mills,PG,27,SAS,81,3,20.5,3.2,7.6,0.425,1.5,4.0,0.384,1.7,3.6,0.469,0.525,0.6,0.7,0.81,0.3,1.6,2.0,2.8,0.7,0.1,0.9,1.3,8.5,51.0,280,4
305,Elijah Millsap,SG,28,UTA,20,0,8.7,0.6,2.0,0.282,0.1,0.6,0.083,0.5,1.4,0.37,0.295,0.7,0.9,0.722,0.3,1.5,1.8,1.0,0.4,0.2,0.5,1.7,1.8,47.0,47,1
306,Paul Millsap,PF,30,ATL,81,81,32.7,6.2,13.2,0.47,0.9,2.9,0.319,5.3,10.3,0.512,0.505,3.8,5.0,0.757,2.4,6.6,9.0,3.3,1.8,1.7,2.4,2.9,17.1,73.0,687,9
307,Nikola Mirotić,PF,24,CHI,66,38,24.9,3.8,9.2,0.407,2.0,5.2,0.39,1.7,4.0,0.43,0.518,2.2,2.7,0.807,0.9,4.6,5.5,1.5,0.9,0.7,1.5,2.3,11.8,82.0,82,1
308,Nazr Mohammed,C,38,OKC,5,0,3.8,0.6,1.0,0.6,0.0,0.0,,0.6,1.0,0.6,0.6,0.4,0.4,1.0,0.2,0.6,0.8,0.0,0.0,0.0,0.6,0.8,1.6,23.0,888,12
309,Greg Monroe,C,25,MIL,79,67,29.3,6.2,11.9,0.522,0.0,0.0,0.0,6.2,11.9,0.522,0.522,2.9,3.9,0.74,2.8,6.1,8.8,2.3,0.9,0.8,1.6,2.1,15.3,69.0,378,5
310,Luis Montero,SG,22,POR,12,0,3.5,0.4,1.6,0.263,0.1,0.8,0.111,0.3,0.8,0.4,0.289,0.3,0.3,0.75,0.0,0.3,0.3,0.1,0.0,0.0,0.3,0.1,1.2,0.0,0,0
311,E'Twaun Moore,SG,26,CHI,59,22,21.4,3.2,6.6,0.481,0.8,1.8,0.452,2.4,4.8,0.491,0.541,0.4,0.6,0.629,0.3,1.9,2.3,1.7,0.6,0.3,0.9,1.7,7.5,56.0,248,4
312,Eric Moreland,PF,24,SAC,8,0,6.0,0.4,0.8,0.5,0.0,0.0,,0.4,0.8,0.5,0.5,0.3,0.5,0.5,0.4,1.0,1.4,0.1,0.0,0.5,0.4,0.5,1.0,3.0,3,0
313,Marcus Morris,SF,26,DET,80,80,35.7,5.1,11.8,0.434,1.4,3.7,0.362,3.8,8.1,0.467,0.491,2.5,3.4,0.749,1.1,3.9,5.1,2.5,0.8,0.3,1.8,2.1,14.1,81.0,257,3
314,Markieff Morris,PF,26,TOT,64,45,25.5,4.8,11.2,0.425,0.7,2.4,0.303,4.0,8.8,0.458,0.458,1.7,2.3,0.735,1.1,4.4,5.5,1.9,0.9,0.5,2.1,2.9,12.0,82.0,308,4
314,Markieff Morris,PF,26,PHO,37,24,24.8,4.6,11.6,0.397,0.6,2.1,0.289,4.0,9.6,0.42,0.422,1.8,2.5,0.717,1.2,4.1,5.2,2.4,0.9,0.5,2.4,2.8,11.6,82.0,308,4
314,Markieff Morris,PF,26,WAS,27,21,26.4,5.0,10.6,0.467,0.9,2.9,0.316,4.0,7.7,0.524,0.51,1.6,2.0,0.764,1.1,4.7,5.9,1.4,0.9,0.6,1.7,3.0,12.4,82.0,308,4
315,Anthony Morrow,SG,30,OKC,68,6,13.6,2.0,4.9,0.408,1.2,3.0,0.387,0.8,1.9,0.442,0.527,0.4,0.6,0.744,0.1,0.8,0.9,0.4,0.3,0.1,0.3,0.9,5.6,74.0,447,7
316,Donatas Motiejūnas,PF,25,HOU,37,22,14.8,2.4,5.5,0.439,0.4,1.5,0.281,2.0,4.0,0.5,0.478,0.9,1.4,0.642,1.0,1.9,2.9,1.1,0.5,0.1,1.2,1.9,6.2,71.0,177,3
317,Timofey Mozgov,C,29,CLE,76,48,17.4,2.7,4.7,0.565,0.0,0.1,0.143,2.7,4.6,0.574,0.567,0.9,1.3,0.716,1.4,3.0,4.4,0.4,0.3,0.8,0.9,2.1,6.3,81.0,293,5
318,Emmanuel Mudiay,PG,19,DEN,68,66,30.4,4.8,13.3,0.364,1.1,3.4,0.319,3.8,9.9,0.379,0.404,2.1,3.1,0.67,0.5,2.9,3.4,5.5,1.0,0.5,3.2,2.1,12.8,0.0,0,0
319,Shabazz Muhammad,SF,23,MIN,82,0,20.5,3.9,8.3,0.465,0.5,1.9,0.289,3.3,6.5,0.516,0.498,2.3,3.0,0.764,1.2,2.0,3.3,0.6,0.3,0.1,0.9,1.1,10.5,38.0,75,2
320,Xavier Munford,SG,23,MEM,14,0,17.4,2.3,5.5,0.416,0.6,1.6,0.391,1.6,3.9,0.426,0.474,0.5,1.0,0.5,0.2,2.0,2.2,1.6,0.9,0.2,1.1,1.8,5.7,0.0,0,0
321,Mike Muscala,C,24,ATL,60,0,9.4,1.3,2.5,0.5,0.2,0.7,0.308,1.1,1.9,0.566,0.539,0.5,0.7,0.795,0.6,1.3,2.0,0.6,0.2,0.5,0.5,1.2,3.3,40.0,60,1
322,Larry Nance Jr.,PF,23,LAL,63,22,20.1,2.5,4.8,0.527,0.0,0.2,0.1,2.5,4.6,0.541,0.528,0.5,0.7,0.681,1.6,3.3,5.0,0.7,0.9,0.4,0.7,2.0,5.5,0.0,0,0
323,Shabazz Napier,PG,24,ORL,55,0,10.9,1.2,3.7,0.338,0.6,1.9,0.327,0.6,1.8,0.351,0.423,0.6,0.8,0.733,0.2,0.8,1.0,1.8,0.4,0.0,0.8,0.7,3.7,51.0,51,1
324,Gary Neal,SG,31,WAS,40,2,20.2,3.8,8.1,0.465,1.0,2.5,0.41,2.8,5.6,0.489,0.528,1.2,1.4,0.855,0.3,1.8,2.1,1.2,0.5,0.0,0.7,1.4,9.8,54.0,310,5
325,Jameer Nelson,PG,33,DEN,39,15,26.6,2.9,7.9,0.368,1.1,3.7,0.299,1.8,4.2,0.429,0.438,0.8,0.9,0.857,0.5,2.5,2.9,4.9,0.6,0.1,1.7,2.6,7.7,63.0,714,11
326,Raul Neto,PG,23,UTA,81,53,18.5,2.2,5.2,0.431,0.8,2.0,0.395,1.4,3.2,0.453,0.507,0.6,0.9,0.743,0.2,1.3,1.5,2.1,0.8,0.0,1.3,1.5,5.9,0.0,0,0
327,Andrew Nicholson,PF,26,ORL,56,0,14.7,2.6,5.5,0.471,0.7,2.0,0.36,1.9,3.5,0.536,0.537,0.9,1.2,0.785,0.6,3.0,3.6,0.4,0.2,0.4,0.7,1.2,6.9,40.0,191,3
328,Joakim Noah,C,30,CHI,29,2,21.9,1.8,4.6,0.383,0.0,0.0,0.0,1.8,4.6,0.386,0.383,0.8,1.6,0.489,3.0,5.8,8.8,3.8,0.6,1.0,1.8,2.7,4.3,67.0,543,8
329,Nerlens Noel,C,21,PHI,67,62,29.3,4.6,8.8,0.521,0.0,0.0,0.5,4.6,8.7,0.521,0.522,2.0,3.4,0.59,2.3,5.8,8.1,1.8,1.8,1.5,2.4,2.9,11.1,75.0,75,1
330,Lucas Nogueira,C,23,TOR,29,1,7.8,1.0,1.5,0.636,0.0,0.1,0.333,0.9,1.4,0.659,0.648,0.3,0.5,0.533,0.6,1.0,1.6,0.2,0.4,0.4,0.4,1.0,2.2,6.0,6,0
331,Steve Novak,PF,32,TOT,10,0,4.4,0.8,1.8,0.444,0.7,1.5,0.467,0.1,0.3,0.333,0.639,0.1,0.1,1.0,0.0,0.5,0.5,0.0,0.0,0.0,0.1,0.3,2.4,35.0,449,5
331,Steve Novak,PF,32,OKC,7,0,3.4,0.9,1.7,0.5,0.7,1.3,0.556,0.1,0.4,0.333,0.708,0.0,0.0,,0.0,0.6,0.6,0.0,0.0,0.0,0.1,0.1,2.4,35.0,449,5
331,Steve Novak,PF,32,MIL,3,0,6.7,0.7,2.0,0.333,0.7,2.0,0.333,0.0,0.0,,0.5,0.3,0.3,1.0,0.0,0.3,0.3,0.0,0.0,0.0,0.0,0.7,2.3,35.0,449,5
332,Dirk Nowitzki,PF,37,DAL,75,75,31.5,6.6,14.8,0.448,1.7,4.6,0.368,5.0,10.3,0.483,0.504,3.3,3.7,0.893,0.7,5.8,6.5,1.8,0.7,0.7,1.1,2.1,18.3,77.0,1054,14
333,Jusuf Nurkić,C,21,DEN,32,3,17.1,3.2,7.6,0.417,0.0,0.1,0.0,3.2,7.5,0.423,0.417,1.9,3.1,0.616,2.0,3.4,5.5,1.3,0.8,1.4,1.7,2.8,8.2,62.0,62,1
334,J.J. O'Brien,SF,23,UTA,2,0,3.0,0.0,0.5,0.0,0.0,0.0,,0.0,0.5,0.0,0.0,0.0,0.0,,0.0,0.5,0.5,0.0,0.5,0.0,0.0,0.5,0.0,0.0,0,0
335,Johnny O'Bryant,PF,22,MIL,66,4,13.0,1.3,3.2,0.411,0.0,0.0,1.0,1.3,3.2,0.409,0.414,0.4,0.6,0.675,1.0,1.7,2.7,0.5,0.3,0.1,0.5,1.5,3.0,34.0,34,0
336,Kyle O'Quinn,PF,25,NYK,65,1,11.8,2.0,4.2,0.476,0.1,0.3,0.227,1.9,3.8,0.498,0.485,0.7,0.9,0.767,1.2,2.7,3.8,1.1,0.3,0.8,0.9,1.6,4.8,51.0,177,3
337,Jahlil Okafor,C,20,PHI,53,48,30.0,7.5,14.7,0.508,0.0,0.1,0.167,7.5,14.6,0.511,0.509,2.5,3.7,0.686,2.3,4.7,7.0,1.2,0.4,1.2,2.3,2.6,17.5,0.0,0,0
338,Victor Oladipo,SG,23,ORL,72,52,33.0,5.9,13.5,0.438,1.4,3.9,0.348,4.5,9.6,0.475,0.489,2.8,3.4,0.83,0.7,4.1,4.8,3.9,1.6,0.8,2.1,2.4,16.0,72.0,152,2
339,Kelly Olynyk,C,24,BOS,69,8,20.2,3.7,8.1,0.455,1.2,3.0,0.405,2.4,5.0,0.486,0.531,1.4,1.9,0.75,1.0,3.0,4.1,1.5,0.8,0.5,1.1,2.4,10.0,64.0,134,2
340,Kelly Oubre Jr.,SF,20,WAS,63,9,10.7,1.4,3.3,0.427,0.4,1.3,0.316,1.0,2.1,0.492,0.486,0.5,0.8,0.633,0.4,1.7,2.1,0.2,0.3,0.1,0.5,1.6,3.7,0.0,0,0
341,Zaza Pachulia,C,31,DAL,76,69,26.4,2.9,6.2,0.466,0.0,0.0,0.0,2.9,6.1,0.469,0.466,2.8,3.6,0.768,3.3,6.2,9.4,1.7,0.8,0.3,1.6,2.4,8.6,73.0,815,12
342,Kostas Papanikolaou,SF,25,DEN,26,6,11.3,0.9,2.5,0.364,0.4,1.2,0.313,0.5,1.3,0.412,0.439,0.3,0.5,0.643,0.3,1.2,1.5,0.6,0.5,0.2,0.8,0.9,2.6,43.0,43,1
343,Jabari Parker,PF,20,MIL,76,72,31.7,5.8,11.8,0.493,0.1,0.5,0.257,5.7,11.4,0.502,0.498,2.3,3.0,0.768,1.6,3.6,5.2,1.7,0.9,0.4,1.5,2.0,14.1,25.0,25,0
344,Tony Parker,PG,33,SAS,72,72,27.5,4.9,9.9,0.493,0.4,0.9,0.415,4.5,9.0,0.501,0.512,1.8,2.4,0.76,0.2,2.2,2.4,5.3,0.8,0.2,1.8,1.6,11.9,68.0,1008,14
345,Chandler Parsons,SF,27,DAL,61,51,29.5,5.2,10.7,0.492,1.7,4.1,0.414,3.5,6.6,0.54,0.571,1.5,2.2,0.684,0.5,4.2,4.7,2.8,0.8,0.3,1.6,1.9,13.7,66.0,279,4
346,Lamar Patterson,SG,24,ATL,35,0,11.3,0.8,2.3,0.35,0.3,1.4,0.245,0.5,0.9,0.516,0.425,0.5,0.6,0.727,0.1,1.3,1.4,1.1,0.3,0.1,0.7,1.3,2.4,0.0,0,0
347,Patrick Patterson,PF,26,TOR,79,0,25.6,2.6,6.2,0.414,1.3,3.7,0.362,1.2,2.5,0.49,0.521,0.4,0.4,0.853,1.0,3.4,4.3,1.2,0.7,0.4,0.8,1.6,6.9,81.0,333,5
348,Chris Paul,PG,30,LAC,74,74,32.7,7.0,15.1,0.462,1.6,4.4,0.371,5.3,10.6,0.501,0.517,4.0,4.4,0.896,0.5,3.7,4.2,10.0,2.1,0.2,2.6,2.5,19.5,82.0,699,10
349,Adreian Payne,PF,24,MIN,52,2,9.3,1.0,2.8,0.366,0.2,0.6,0.281,0.8,2.2,0.389,0.397,0.3,0.5,0.654,0.4,1.8,2.1,0.6,0.3,0.2,0.7,1.5,2.5,32.0,32,0
350,Cameron Payne,PG,21,OKC,57,1,12.2,2.0,4.9,0.41,0.6,1.9,0.324,1.4,2.9,0.467,0.475,0.3,0.4,0.792,0.2,1.3,1.5,1.9,0.6,0.1,0.8,1.4,5.0,0.0,0,0
351,Elfrid Payton,PG,21,ORL,73,69,29.4,4.4,10.0,0.436,0.4,1.3,0.326,3.9,8.7,0.451,0.456,1.5,2.6,0.589,1.1,2.5,3.6,6.4,1.2,0.3,2.4,2.2,10.7,82.0,82,1
352,Nikola Peković,C,30,MIN,12,3,13.0,1.6,4.2,0.38,0.0,0.0,,1.6,4.2,0.38,0.38,1.3,1.7,0.8,0.6,1.2,1.8,0.9,0.1,0.0,0.8,1.8,4.5,31.0,259,4
353,Kendrick Perkins,C,31,NOP,37,5,14.6,1.1,2.0,0.533,0.0,0.0,,1.1,2.0,0.533,0.533,0.3,0.7,0.44,0.7,2.8,3.5,0.8,0.3,0.3,1.1,1.7,2.5,68.0,744,10
354,Paul Pierce,SF,38,LAC,68,38,18.1,2.1,5.8,0.363,1.1,3.6,0.31,1.0,2.3,0.445,0.457,0.8,1.0,0.818,0.2,2.6,2.7,1.0,0.5,0.3,0.9,1.9,6.1,73.0,1047,14
355,Tibor Pleiß,C,26,UTA,12,0,6.8,0.9,2.1,0.44,0.0,0.2,0.0,0.9,1.9,0.478,0.44,0.2,0.2,1.0,0.5,0.8,1.3,0.2,0.1,0.2,0.7,1.6,2.0,0.0,0,0
356,Mason Plumlee,C,25,POR,82,82,25.4,3.3,6.3,0.516,0.0,0.0,0.0,3.3,6.3,0.52,0.516,2.6,4.1,0.642,2.5,5.2,7.7,2.8,0.8,1.0,1.9,3.1,9.1,82.0,152,2
357,Miles Plumlee,C,27,MIL,61,14,14.3,2.3,3.8,0.601,0.0,0.0,,2.3,3.8,0.601,0.601,0.6,1.0,0.576,1.5,2.3,3.8,0.3,0.3,0.8,0.7,1.2,5.1,73.0,167,2
358,Otto Porter Jr.,SF,22,WAS,75,73,30.3,4.5,9.6,0.473,1.3,3.6,0.367,3.2,6.0,0.536,0.541,1.3,1.7,0.754,1.3,3.9,5.2,1.6,1.4,0.4,0.9,2.2,11.6,74.0,111,2
359,Bobby Portis,PF,20,CHI,62,4,17.8,3.0,7.0,0.427,0.3,0.8,0.308,2.7,6.2,0.443,0.445,0.8,1.1,0.727,2.0,3.5,5.4,0.8,0.4,0.4,0.9,1.6,7.0,0.0,0,0
360,Kristaps Porziņģis,PF,20,NYK,72,72,28.4,5.2,12.3,0.421,1.1,3.4,0.333,4.1,8.9,0.454,0.467,2.8,3.3,0.838,1.8,5.5,7.3,1.3,0.7,1.9,1.7,2.8,14.3,0.0,0,0
361,Dwight Powell,PF,24,DAL,69,2,14.4,2.1,4.3,0.493,0.0,0.2,0.125,2.1,4.1,0.514,0.497,1.5,2.1,0.739,1.2,2.7,4.0,0.6,0.5,0.3,0.6,1.7,5.8,29.0,29,0
362,Norman Powell,SG,22,TOR,49,24,14.8,2.0,4.7,0.424,0.7,1.8,0.404,1.2,2.9,0.436,0.502,0.9,1.1,0.811,0.3,1.9,2.3,1.0,0.6,0.2,0.7,1.2,5.6,0.0,0,0
363,Phil Pressey,PG,24,TOT,23,0,12.3,1.3,3.4,0.385,0.2,0.8,0.222,1.1,2.6,0.433,0.41,0.6,1.1,0.52,0.1,1.2,1.3,3.3,0.8,0.2,1.4,1.2,3.3,50.0,125,2
363,Phil Pressey,PG,24,PHI,14,0,12.1,1.5,3.9,0.382,0.3,0.9,0.308,1.2,3.0,0.405,0.418,0.6,1.3,0.5,0.0,1.6,1.6,3.3,0.8,0.1,1.4,1.0,3.9,50.0,125,2
363,Phil Pressey,PG,24,PHO,9,0,12.6,1.0,2.6,0.391,0.0,0.6,0.0,1.0,2.0,0.5,0.391,0.4,0.8,0.571,0.3,0.6,0.9,3.2,0.8,0.3,1.6,1.6,2.4,50.0,125,2
364,Ronnie Price,PG,32,PHO,62,18,19.5,1.9,4.9,0.384,1.1,3.2,0.347,0.8,1.7,0.453,0.497,0.5,0.7,0.756,0.4,1.2,1.6,2.4,1.2,0.2,1.1,2.6,5.3,43.0,468,8
365,Pablo Prigioni,PG,38,LAC,59,3,13.9,0.9,2.5,0.374,0.5,1.6,0.295,0.5,0.9,0.519,0.469,0.1,0.1,0.875,0.6,1.3,1.9,2.2,0.9,0.0,0.8,1.4,2.5,67.0,211,3
366,Tayshaun Prince,SF,35,MIN,77,44,19.0,1.3,3.0,0.445,0.1,0.3,0.174,1.3,2.7,0.476,0.454,0.2,0.2,0.684,0.4,1.5,1.9,0.9,0.5,0.2,0.4,0.8,2.9,58.0,940,13
367,Julius Randle,PF,21,LAL,81,60,28.2,4.4,10.3,0.429,0.1,0.4,0.278,4.3,9.9,0.436,0.435,2.4,3.3,0.715,2.1,8.1,10.2,1.8,0.7,0.4,1.8,3.0,11.3,1.0,1,0
368,Zach Randolph,PF,34,MEM,68,53,29.6,6.3,13.3,0.475,0.1,0.4,0.231,6.3,13.0,0.482,0.479,2.5,3.2,0.796,2.6,5.1,7.8,2.1,0.6,0.2,1.5,2.1,15.3,71.0,916,13
369,J.J. Redick,SG,31,LAC,75,75,28.0,5.6,11.7,0.48,2.7,5.6,0.475,3.0,6.1,0.484,0.593,2.4,2.7,0.888,0.1,1.7,1.9,1.4,0.6,0.1,1.0,1.8,16.3,78.0,537,7
370,Willie Reed,C,25,BRK,39,2,10.9,1.9,3.4,0.571,0.0,0.0,,1.9,3.4,0.571,0.571,0.8,1.4,0.545,1.3,1.9,3.1,0.3,0.2,0.8,0.4,1.2,4.7,0.0,0,0
371,Josh Richardson,SG,22,MIA,52,2,21.3,2.4,5.2,0.452,1.0,2.2,0.461,1.3,3.0,0.446,0.55,0.8,1.2,0.667,0.4,1.7,2.1,1.4,0.7,0.5,0.7,2.1,6.6,0.0,0,0
372,Austin Rivers,SG,23,LAC,67,7,21.9,3.4,7.7,0.438,0.9,2.8,0.335,2.4,4.9,0.495,0.498,1.2,1.7,0.681,0.3,1.6,1.9,1.5,0.7,0.1,0.9,2.0,8.9,76.0,206,3
373,Andre Roberson,SG,24,OKC,70,70,22.2,1.9,3.9,0.496,0.5,1.5,0.311,1.5,2.4,0.608,0.555,0.5,0.8,0.611,1.1,2.5,3.6,0.7,0.8,0.6,0.5,1.9,4.8,67.0,107,2
374,Brian Roberts,PG,30,TOT,51,0,9.2,1.5,3.2,0.448,0.3,0.8,0.357,1.2,2.4,0.48,0.494,0.8,0.9,0.894,0.1,0.7,0.8,1.1,0.2,0.0,0.5,0.7,4.0,72.0,222,3
374,Brian Roberts,PG,30,CHO,30,0,11.1,1.7,3.8,0.443,0.3,0.9,0.333,1.4,2.9,0.477,0.483,1.1,1.2,0.919,0.1,0.8,1.0,1.3,0.2,0.0,0.5,0.8,4.8,72.0,222,3
374,Brian Roberts,PG,30,POR,21,0,6.5,1.1,2.4,0.46,0.3,0.7,0.4,0.8,1.7,0.486,0.52,0.4,0.5,0.8,0.1,0.5,0.6,0.8,0.1,0.0,0.3,0.6,2.9,72.0,222,3
375,Glenn Robinson III,SF,22,IND,45,4,11.3,1.4,3.4,0.43,0.3,0.8,0.378,1.1,2.5,0.447,0.477,0.6,0.9,0.692,0.3,1.2,1.5,0.6,0.4,0.2,0.4,0.5,3.8,35.0,35,0
376,Nate Robinson,PG,31,NOP,2,1,11.5,0.0,0.5,0.0,0.0,0.5,0.0,0.0,0.0,,0.0,0.0,0.0,,0.0,0.0,0.0,2.0,0.5,0.0,0.0,2.5,0.0,42.0,616,10
377,Thomas Robinson,PF,24,BRK,71,7,12.9,1.8,4.1,0.447,0.0,0.0,0.0,1.8,4.1,0.448,0.447,0.7,1.5,0.431,1.9,3.1,5.1,0.6,0.5,0.5,1.0,1.6,4.3,54.0,194,3
378,Rajon Rondo,PG,29,SAC,72,72,35.2,4.9,10.9,0.454,0.9,2.4,0.365,4.1,8.5,0.479,0.494,1.2,2.1,0.58,1.1,5.0,6.0,11.7,2.0,0.1,3.9,2.4,11.9,68.0,573,8
379,Derrick Rose,PG,27,CHI,66,66,31.8,6.8,15.9,0.427,0.7,2.3,0.293,6.1,13.6,0.449,0.448,2.2,2.7,0.793,0.7,2.7,3.4,4.7,0.7,0.2,2.7,1.3,16.4,51.0,340,5
380,Terrence Ross,SF,24,TOR,73,7,23.9,3.7,8.6,0.431,1.8,4.6,0.386,1.9,3.9,0.484,0.536,0.7,0.8,0.79,0.3,2.2,2.5,0.8,0.7,0.3,0.6,1.6,9.9,82.0,236,3
381,Terry Rozier,PG,21,BOS,39,0,8.0,0.7,2.7,0.274,0.2,0.7,0.222,0.6,2.0,0.291,0.302,0.2,0.3,0.8,0.6,1.0,1.6,0.9,0.2,0.0,0.5,0.6,1.8,0.0,0,0
382,Ricky Rubio,PG,25,MIN,76,76,30.6,2.9,7.7,0.374,0.8,2.5,0.326,2.1,5.2,0.396,0.427,3.5,4.1,0.847,0.5,3.8,4.3,8.7,2.1,0.1,2.5,2.6,10.1,22.0,202,3
383,Damjan Rudež,SF,29,MIN,33,0,8.4,0.8,1.9,0.403,0.5,1.5,0.34,0.2,0.4,0.667,0.54,0.2,0.2,1.0,0.2,0.5,0.6,0.3,0.1,0.0,0.4,1.0,2.3,68.0,68,1
384,Brandon Rush,SG,30,GSW,72,25,14.7,1.5,3.6,0.427,0.9,2.2,0.414,0.6,1.4,0.447,0.552,0.3,0.4,0.643,0.3,2.2,2.5,0.8,0.3,0.3,0.5,0.8,4.2,33.0,362,5
385,D'Angelo Russell,PG,19,LAL,80,48,28.2,4.9,12.0,0.41,1.6,4.6,0.351,3.3,7.3,0.447,0.478,1.8,2.4,0.737,0.6,2.8,3.4,3.3,1.2,0.2,2.5,1.8,13.2,0.0,0,0
386,Robert Sacre,C,26,LAL,25,1,12.8,1.2,3.0,0.413,0.0,0.0,,1.2,3.0,0.413,0.413,1.0,1.5,0.658,1.3,1.6,2.9,0.6,0.2,0.4,0.5,1.7,3.5,67.0,164,2
387,JaKarr Sampson,SF,22,TOT,73,40,15.9,1.9,4.3,0.442,0.2,0.9,0.222,1.7,3.5,0.496,0.464,1.1,1.7,0.656,0.6,2.0,2.6,0.6,0.3,0.5,1.0,1.9,5.1,74.0,74,1
387,JaKarr Sampson,SF,22,PHI,47,18,14.7,1.8,4.3,0.426,0.1,0.7,0.176,1.7,3.6,0.476,0.441,1.3,2.1,0.639,0.6,2.1,2.7,0.6,0.2,0.3,1.1,1.9,5.1,74.0,74,1
387,JaKarr Sampson,SF,22,DEN,26,22,18.0,2.1,4.4,0.47,0.3,1.1,0.276,1.8,3.3,0.535,0.504,0.7,1.0,0.72,0.6,1.7,2.3,0.6,0.5,0.7,0.7,2.0,5.2,74.0,74,1
388,Dennis Schröder,PG,22,ATL,80,6,20.3,4.1,9.8,0.421,1.0,3.0,0.322,3.2,6.8,0.465,0.471,1.8,2.3,0.791,0.3,2.2,2.6,4.4,0.9,0.1,2.3,1.7,11.0,77.0,126,2
389,Luis Scola,PF,35,TOR,76,76,21.5,3.5,7.9,0.45,0.9,2.1,0.404,2.7,5.8,0.467,0.504,0.8,1.1,0.726,1.1,3.6,4.7,0.9,0.6,0.4,0.9,2.3,8.7,81.0,631,8
390,Mike Scott,PF,27,ATL,75,0,15.3,2.3,5.0,0.468,0.8,2.1,0.392,1.5,2.9,0.523,0.551,0.7,0.8,0.794,0.7,2.0,2.7,1.0,0.3,0.2,0.6,1.4,6.2,68.0,188,3
391,Thabo Sefolosha,SF,31,ATL,75,11,23.4,2.5,5.0,0.505,0.6,1.7,0.339,1.9,3.3,0.589,0.562,0.8,1.3,0.626,0.7,3.8,4.5,1.4,1.1,0.5,0.9,1.5,6.4,52.0,603,9
392,Kevin Séraphin,C,26,NYK,48,0,11.0,1.8,4.3,0.41,0.0,0.0,0.0,1.8,4.2,0.414,0.41,0.4,0.5,0.826,0.6,2.0,2.6,1.0,0.2,0.8,0.9,1.4,3.9,79.0,326,5
393,Ramon Sessions,PG,29,WAS,82,5,20.3,3.4,7.2,0.473,0.4,1.4,0.324,3.0,5.9,0.507,0.503,2.6,3.5,0.756,0.3,2.2,2.5,2.9,0.6,0.1,1.4,1.2,9.9,64.0,531,7
394,Iman Shumpert,SG,25,CLE,54,5,24.4,2.1,5.6,0.374,0.8,2.7,0.295,1.3,2.9,0.447,0.444,0.7,0.9,0.784,0.6,3.2,3.8,1.7,1.0,0.4,1.1,2.2,5.8,62.0,240,4
395,Jonathon Simmons,SG,26,SAS,55,2,14.8,2.2,4.4,0.504,0.3,0.9,0.383,1.9,3.5,0.533,0.541,1.3,1.7,0.75,0.3,1.5,1.7,1.1,0.4,0.1,1.0,1.9,6.0,0.0,0,0
396,Henry Sims,C,25,BRK,14,4,18.8,2.4,5.5,0.429,0.0,0.0,,2.4,5.5,0.429,0.429,1.8,2.1,0.833,1.5,3.6,5.1,0.6,0.6,1.0,0.9,2.6,6.5,73.0,121,2
397,Kyle Singler,SF,27,OKC,68,2,14.4,1.3,3.3,0.389,0.4,1.4,0.309,0.8,1.8,0.452,0.457,0.4,0.6,0.659,0.7,1.3,2.1,0.4,0.4,0.1,0.5,1.8,3.4,80.0,244,3
398,Donald Sloan,PG,28,BRK,61,33,21.6,2.5,5.7,0.44,0.6,1.6,0.384,1.9,4.1,0.462,0.494,1.3,1.7,0.75,0.3,2.6,2.8,4.4,0.5,0.1,1.3,1.2,7.0,53.0,157,2
399,Marcus Smart,PG,21,BOS,61,10,27.3,3.0,8.7,0.348,1.0,4.0,0.253,2.0,4.7,0.427,0.405,2.1,2.7,0.777,1.2,2.9,4.2,3.0,1.5,0.3,1.3,3.0,9.1,67.0,67,1
400,Greg Smith,PF,25,MIN,18,0,10.7,1.0,1.8,0.563,0.0,0.0,,1.0,1.8,0.563,0.563,0.4,0.9,0.412,0.7,1.7,2.3,0.3,0.2,0.1,0.4,1.6,2.4,42.0,131,2
401,Ish Smith,PG,27,TOT,77,53,29.1,5.2,12.6,0.411,0.7,2.2,0.329,4.4,10.4,0.428,0.44,1.6,2.3,0.693,0.6,3.4,4.0,6.5,1.1,0.3,2.3,1.7,12.6,55.0,246,4
401,Ish Smith,PG,27,NOP,27,3,22.9,3.6,8.4,0.43,0.4,1.2,0.303,3.3,7.2,0.451,0.452,1.2,1.6,0.767,0.5,2.9,3.4,5.7,0.9,0.2,1.7,1.4,8.9,55.0,246,4
401,Ish Smith,PG,27,PHI,50,50,32.4,6.0,14.8,0.405,0.9,2.7,0.336,5.1,12.0,0.42,0.436,1.8,2.7,0.669,0.6,3.7,4.3,7.0,1.3,0.4,2.6,1.9,14.7,55.0,246,4
402,J.R. Smith,SG,30,CLE,77,77,30.7,4.6,11.0,0.415,2.6,6.6,0.4,1.9,4.4,0.438,0.535,0.6,0.9,0.634,0.6,2.3,2.8,1.7,1.1,0.3,0.8,2.6,12.4,70.0,762,10
403,Jason Smith,C,29,ORL,76,2,15.5,3.2,6.6,0.485,0.1,0.2,0.25,3.2,6.4,0.493,0.489,0.7,0.9,0.806,0.7,2.2,2.9,0.8,0.4,0.9,0.8,2.1,7.2,82.0,413,6
404,Josh Smith,PF,30,TOT,55,7,16.0,2.3,6.3,0.364,0.7,2.6,0.287,1.6,3.7,0.417,0.423,0.7,1.2,0.552,0.9,2.6,3.5,1.6,0.6,0.9,1.4,2.1,6.0,83.0,836,11
404,Josh Smith,PF,30,LAC,32,1,14.3,2.2,5.6,0.383,0.6,1.8,0.31,1.6,3.8,0.418,0.433,0.8,1.3,0.595,1.0,2.9,3.9,1.3,0.6,1.1,1.3,1.9,5.7,83.0,836,11
404,Josh Smith,PF,30,HOU,23,6,18.3,2.5,7.3,0.343,1.0,3.7,0.271,1.5,3.7,0.417,0.411,0.5,1.1,0.48,0.8,2.1,2.9,2.1,0.7,0.6,1.6,2.4,6.6,83.0,836,11
405,Russ Smith,PG,24,MEM,15,0,4.4,0.5,1.5,0.318,0.1,0.3,0.2,0.4,1.1,0.353,0.341,0.5,0.9,0.615,0.1,0.5,0.6,0.7,0.3,0.1,0.5,0.3,1.5,12.0,12,0
406,Tony Snell,SF,24,CHI,64,33,20.3,2.0,5.3,0.372,0.9,2.4,0.361,1.1,2.9,0.38,0.454,0.5,0.5,0.909,0.3,2.8,3.1,1.0,0.3,0.3,0.8,1.6,5.3,72.0,149,2
407,Marreese Speights,C,28,GSW,72,0,11.6,2.7,6.3,0.432,0.3,0.9,0.387,2.4,5.5,0.439,0.458,1.3,1.6,0.825,1.1,2.3,3.3,0.8,0.3,0.5,0.9,1.6,7.1,76.0,499,7
408,Tiago Splitter,C,31,ATL,36,2,16.1,2.3,4.3,0.523,0.0,0.1,0.0,2.3,4.3,0.529,0.523,1.1,1.3,0.813,1.3,2.1,3.3,0.8,0.6,0.3,0.7,2.0,5.6,52.0,311,5
409,Nik Stauskas,SG,22,PHI,73,35,24.8,2.9,7.5,0.385,1.5,4.5,0.326,1.4,3.0,0.473,0.483,1.2,1.6,0.771,0.3,2.2,2.5,1.9,0.6,0.3,1.3,1.6,8.5,73.0,73,1
410,Lance Stephenson,SF,25,TOT,69,13,19.9,3.3,6.9,0.481,0.4,1.1,0.385,2.9,5.7,0.5,0.513,1.3,1.6,0.784,0.6,2.7,3.2,1.9,0.6,0.1,1.4,2.0,8.3,61.0,271,4
410,Lance Stephenson,SF,25,LAC,43,10,15.8,1.9,3.9,0.494,0.4,1.1,0.404,1.5,2.8,0.529,0.551,0.5,0.7,0.7,0.4,2.1,2.5,1.4,0.6,0.1,1.1,1.8,4.7,61.0,271,4
410,Lance Stephenson,SF,25,MEM,26,3,26.6,5.6,11.8,0.474,0.4,1.2,0.355,5.2,10.7,0.487,0.492,2.5,3.1,0.815,0.8,3.6,4.4,2.8,0.7,0.2,1.8,2.2,14.2,61.0,271,4
411,Alex Stepheson,PF,28,TOT,8,0,9.1,1.1,3.4,0.333,0.0,0.0,,1.1,3.4,0.333,0.333,0.5,1.5,0.333,2.4,1.1,3.5,0.3,0.1,0.6,0.0,1.5,2.8,0.0,0,0
411,Alex Stepheson,PF,28,LAC,4,0,3.0,0.3,0.3,1.0,0.0,0.0,,0.3,0.3,1.0,1.0,0.0,0.5,0.0,0.3,0.3,0.5,0.0,0.0,0.5,0.0,1.0,0.5,0.0,0,0
411,Alex Stepheson,PF,28,MEM,4,0,15.3,2.0,6.5,0.308,0.0,0.0,,2.0,6.5,0.308,0.308,1.0,2.5,0.4,4.5,2.0,6.5,0.5,0.3,0.8,0.0,2.0,5.0,0.0,0,0
412,Jarnell Stokes,C,22,TOT,7,0,2.6,0.4,0.7,0.6,0.0,0.0,,0.4,0.7,0.6,0.6,0.1,0.3,0.5,0.1,0.4,0.6,0.1,0.1,0.0,0.0,0.1,1.0,19.0,19,0
412,Jarnell Stokes,C,22,MEM,2,0,2.0,0.0,0.0,,0.0,0.0,,0.0,0.0,,,0.0,0.0,,0.5,0.5,1.0,0.0,0.0,0.0,0.0,0.0,0.0,19.0,19,0
412,Jarnell Stokes,C,22,MIA,5,0,2.8,0.6,1.0,0.6,0.0,0.0,,0.6,1.0,0.6,0.6,0.2,0.4,0.5,0.0,0.4,0.4,0.2,0.2,0.0,0.0,0.2,1.4,19.0,19,0
413,Amar'e Stoudemire,C,33,MIA,52,36,14.7,2.4,4.3,0.566,0.0,0.0,,2.4,4.3,0.566,0.566,1.0,1.3,0.746,1.3,3.0,4.3,0.5,0.3,0.8,0.9,1.8,5.8,59.0,794,11
414,Rodney Stuckey,PG,29,IND,58,1,22.0,3.2,7.6,0.413,0.3,1.4,0.241,2.8,6.2,0.453,0.436,2.3,2.7,0.829,0.3,2.4,2.7,2.4,0.7,0.1,1.3,1.3,8.9,71.0,554,8
415,Jared Sullinger,PF,23,BOS,81,73,23.6,4.3,10.0,0.435,0.4,1.3,0.282,4.0,8.7,0.458,0.453,1.3,2.0,0.64,2.4,5.9,8.3,2.3,0.9,0.6,1.3,2.6,10.3,58.0,177,3
416,Edy Tavares,C,23,ATL,11,0,6.6,1.0,1.7,0.579,0.0,0.0,,1.0,1.7,0.579,0.579,0.3,0.7,0.375,0.6,1.3,1.9,0.3,0.1,0.5,0.5,0.7,2.3,0.0,0,0
417,Jeff Teague,PG,27,ATL,79,78,28.5,5.5,12.5,0.439,1.4,3.5,0.4,4.1,9.0,0.454,0.495,3.3,3.9,0.837,0.4,2.3,2.7,5.9,1.2,0.3,2.8,2.1,15.7,73.0,439,6
418,Mirza Teletović,PF,30,PHO,79,1,21.3,4.2,9.8,0.427,2.3,5.8,0.393,1.9,4.0,0.476,0.544,1.5,2.0,0.774,0.7,3.1,3.8,1.1,0.4,0.3,1.1,2.0,12.2,40.0,165,3
419,Garrett Temple,SF,29,WAS,80,43,24.4,2.5,6.3,0.398,1.1,3.2,0.345,1.4,3.1,0.453,0.486,1.1,1.6,0.728,0.5,2.2,2.7,1.8,0.9,0.2,0.8,2.4,7.3,52.0,229,3
420,Jason Terry,SG,38,HOU,72,7,17.5,2.1,5.2,0.402,1.3,3.6,0.356,0.8,1.6,0.504,0.525,0.4,0.5,0.818,0.2,0.9,1.1,1.4,0.7,0.1,0.7,1.3,5.9,77.0,1050,13
421,Isaiah Thomas,PG,26,BOS,82,79,32.2,7.2,16.9,0.428,2.0,5.7,0.359,5.2,11.2,0.462,0.488,5.8,6.6,0.871,0.6,2.4,3.0,6.2,1.1,0.1,2.7,2.0,22.2,67.0,283,4
422,Lance Thomas,PF,27,NYK,59,5,22.3,2.9,6.5,0.442,0.7,1.8,0.404,2.1,4.6,0.458,0.5,1.7,2.0,0.857,0.6,1.6,2.2,0.9,0.4,0.1,1.0,1.8,8.2,62.0,168,3
423,Hollis Thompson,SG,24,PHI,77,17,28.0,3.5,8.8,0.397,1.9,5.1,0.38,1.6,3.7,0.42,0.507,0.9,1.2,0.719,0.7,2.8,3.5,1.3,0.5,0.3,1.0,2.4,9.8,71.0,148,2
424,Jason Thompson,C,29,TOT,47,7,10.0,1.1,2.3,0.481,0.1,0.3,0.333,1.0,2.0,0.505,0.505,0.8,1.1,0.704,0.7,2.2,2.9,0.6,0.3,0.4,0.3,1.7,3.1,81.0,541,7
424,Jason Thompson,C,29,GSW,28,1,6.4,0.7,1.5,0.476,0.0,0.0,,0.7,1.5,0.476,0.476,0.7,1.1,0.625,0.4,1.6,1.9,0.7,0.1,0.3,0.3,1.4,2.1,81.0,541,7
424,Jason Thompson,C,29,TOR,19,6,15.4,1.7,3.5,0.485,0.3,0.8,0.333,1.4,2.7,0.529,0.523,0.9,1.2,0.818,1.2,3.1,4.2,0.5,0.4,0.6,0.4,2.1,4.6,81.0,541,7
425,Klay Thompson,SG,25,GSW,80,80,33.3,8.1,17.3,0.47,3.5,8.1,0.425,4.7,9.2,0.51,0.569,2.4,2.8,0.873,0.4,3.4,3.8,2.1,0.8,0.6,1.7,1.9,22.1,77.0,306,4
426,Tristan Thompson,PF,24,CLE,82,34,27.7,3.0,5.1,0.588,0.0,0.0,,3.0,5.1,0.588,0.588,1.8,3.0,0.616,3.3,5.7,9.0,0.8,0.5,0.6,0.7,2.5,7.8,82.0,306,4
427,Marcus Thornton,SG,28,TOT,61,8,18.2,3.5,8.9,0.399,1.5,4.4,0.337,2.0,4.5,0.46,0.482,1.1,1.3,0.848,0.6,1.8,2.5,1.4,0.8,0.1,0.8,1.5,9.7,48.0,389,6
427,Marcus Thornton,SG,28,HOU,47,6,18.8,3.7,9.3,0.4,1.6,4.6,0.338,2.1,4.7,0.461,0.484,1.1,1.2,0.879,0.7,1.8,2.4,1.4,0.7,0.1,0.9,1.6,10.0,48.0,389,6
427,Marcus Thornton,SG,28,WAS,14,2,16.0,3.0,7.6,0.393,1.3,3.9,0.333,1.7,3.8,0.453,0.477,1.1,1.5,0.762,0.5,2.0,2.5,1.4,0.9,0.1,0.8,1.2,8.4,48.0,389,6
428,Anthony Tolliver,PF,30,DET,72,5,18.6,1.8,4.6,0.386,1.4,3.8,0.36,0.4,0.8,0.5,0.533,0.4,0.7,0.617,0.5,2.6,3.2,0.7,0.4,0.2,0.4,1.2,5.3,76.0,383,6
429,Axel Toupane,SF,23,DEN,21,0,14.5,1.2,3.3,0.357,0.6,1.9,0.325,0.6,1.4,0.4,0.45,0.6,0.8,0.765,0.4,1.1,1.5,0.7,0.3,0.3,0.3,1.9,3.6,0.0,0,0
430,Karl-Anthony Towns,C,20,MIN,82,82,32.0,7.6,14.1,0.542,0.4,1.1,0.341,7.3,13.0,0.559,0.555,2.7,3.4,0.811,2.8,7.7,10.5,2.0,0.7,1.7,2.2,3.0,18.3,0.0,0,0
431,P.J. Tucker,SF,30,PHO,82,80,31.0,2.9,7.1,0.411,0.8,2.5,0.33,2.1,4.6,0.455,0.469,1.3,1.7,0.746,2.0,4.2,6.2,2.2,1.3,0.2,1.4,2.5,8.0,78.0,255,3
432,Evan Turner,SG,27,BOS,81,12,28.0,4.2,9.3,0.456,0.2,1.0,0.241,4.0,8.3,0.482,0.469,1.8,2.2,0.827,0.6,4.3,4.9,4.4,1.0,0.3,2.1,1.7,10.5,82.0,388,5
433,Myles Turner,C,19,IND,60,30,22.8,4.4,8.8,0.498,0.1,0.2,0.214,4.4,8.6,0.506,0.501,1.5,2.0,0.727,1.1,4.4,5.5,0.7,0.4,1.4,1.1,2.6,10.3,0.0,0,0
434,Beno Udrih,PG,33,TOT,44,5,16.1,2.0,4.5,0.434,0.3,1.0,0.341,1.6,3.5,0.461,0.472,0.4,0.5,0.9,0.2,1.5,1.6,2.6,0.3,0.0,1.2,1.2,4.7,79.0,748,11
434,Beno Udrih,PG,33,MEM,8,0,15.0,2.5,5.8,0.435,0.5,1.4,0.364,2.0,4.4,0.457,0.478,0.4,0.4,1.0,0.3,0.9,1.1,3.3,0.4,0.1,1.4,1.4,5.9,79.0,748,11
434,Beno Udrih,PG,33,MIA,36,5,16.3,1.8,4.2,0.434,0.3,0.9,0.333,1.5,3.3,0.462,0.47,0.4,0.5,0.882,0.2,1.6,1.8,2.5,0.3,0.0,1.2,1.1,4.4,79.0,748,11
435,Jonas Valančiūnas,C,23,TOR,60,59,26.0,5.1,8.9,0.565,0.0,0.0,,5.1,8.9,0.565,0.565,2.7,3.6,0.761,3.1,6.1,9.1,0.7,0.4,1.3,1.4,2.6,12.8,80.0,223,3
436,Anderson Varejão,C,33,TOT,53,0,9.4,1.0,2.3,0.427,0.0,0.0,0.0,1.0,2.3,0.431,0.427,0.6,0.9,0.64,0.7,2.0,2.7,0.7,0.3,0.2,0.4,1.3,2.6,26.0,560,7
436,Anderson Varejão,C,33,CLE,31,0,10.0,1.0,2.5,0.421,0.0,0.0,0.0,1.0,2.4,0.427,0.421,0.5,0.7,0.762,0.8,2.2,2.9,0.6,0.4,0.2,0.5,1.1,2.6,26.0,560,7
436,Anderson Varejão,C,33,GSW,22,0,8.5,1.0,2.2,0.438,0.0,0.0,,1.0,2.2,0.438,0.438,0.7,1.3,0.552,0.6,1.7,2.3,0.7,0.2,0.2,0.3,1.6,2.6,26.0,560,7
437,Greivis Vásquez,PG,29,MIL,23,0,20.0,2.0,6.0,0.326,0.8,3.2,0.247,1.2,2.8,0.415,0.391,1.0,1.1,0.846,0.2,1.8,2.0,4.0,0.4,0.0,1.7,1.8,5.7,82.0,375,5
438,Rashad Vaughn,SG,19,MIL,70,6,14.3,1.2,3.8,0.305,0.6,2.1,0.293,0.5,1.7,0.319,0.385,0.2,0.2,0.8,0.2,1.1,1.3,0.6,0.4,0.2,0.4,1.0,3.1,0.0,0,0
439,Charlie Villanueva,PF,31,DAL,62,4,10.7,2.0,5.3,0.382,0.8,2.8,0.273,1.3,2.5,0.503,0.454,0.4,0.4,0.917,0.4,2.1,2.5,0.4,0.3,0.2,0.5,1.1,5.1,64.0,594,8
440,Noah Vonleh,PF,20,POR,78,56,15.1,1.5,3.6,0.421,0.1,0.6,0.239,1.4,3.0,0.457,0.441,0.5,0.7,0.745,1.2,2.7,3.9,0.4,0.3,0.3,0.6,1.9,3.6,25.0,25,0
441,Nikola Vučević,C,25,ORL,65,60,31.3,8.2,16.1,0.51,0.0,0.1,0.222,8.2,16.0,0.512,0.511,1.7,2.3,0.753,2.7,6.2,8.9,2.8,0.8,1.1,1.9,2.7,18.2,74.0,259,4
442,Sasha Vujačić,SG,31,NYK,61,25,14.9,1.7,4.5,0.383,0.9,2.3,0.364,0.9,2.2,0.403,0.477,0.5,0.6,0.821,0.4,2.0,2.4,1.4,0.6,0.1,0.7,1.4,4.9,0.0,478,6
443,Dwyane Wade,SG,34,MIA,74,73,30.5,7.3,16.0,0.456,0.1,0.6,0.159,7.2,15.4,0.468,0.459,4.4,5.5,0.793,1.1,3.0,4.1,4.6,1.1,0.6,2.7,1.6,19.0,62.0,781,12
444,Dion Waiters,SG,24,OKC,78,15,27.6,3.6,9.1,0.399,1.1,3.1,0.358,2.5,6.0,0.421,0.46,1.4,2.0,0.713,0.5,2.1,2.6,2.0,1.0,0.2,1.5,1.8,9.8,80.0,211,3
445,Kemba Walker,PG,25,CHO,81,81,35.6,7.0,16.4,0.427,2.2,6.0,0.371,4.8,10.4,0.459,0.495,4.6,5.4,0.847,0.7,3.7,4.4,5.2,1.6,0.5,2.1,1.4,20.9,62.0,283,4
446,John Wall,PG,25,WAS,77,77,36.2,7.4,17.5,0.424,1.5,4.3,0.351,5.9,13.3,0.448,0.467,3.5,4.5,0.791,0.5,4.4,4.9,10.2,1.9,0.8,4.1,2.1,19.9,79.0,345,5
447,T.J. Warren,SF,22,PHO,47,4,22.8,4.7,9.4,0.501,0.6,1.5,0.4,4.1,7.9,0.52,0.533,1.0,1.4,0.703,1.2,1.9,3.1,0.9,0.8,0.3,0.7,2.0,11.0,40.0,40,1
448,C.J. Watson,PG,31,ORL,33,2,19.9,1.4,4.2,0.343,0.4,1.5,0.292,1.0,2.7,0.371,0.394,1.0,1.2,0.872,0.3,1.7,2.0,2.7,0.6,0.2,0.8,1.5,4.3,57.0,505,7
449,Briante Weber,PG,23,TOT,7,4,24.1,2.0,5.6,0.359,0.0,0.7,0.0,2.0,4.9,0.412,0.359,0.4,0.6,0.75,1.1,2.4,3.6,3.0,1.3,0.4,1.3,1.7,4.4,0.0,0,0
449,Briante Weber,PG,23,MEM,6,4,27.7,2.2,6.3,0.342,0.0,0.8,0.0,2.2,5.5,0.394,0.342,0.5,0.7,0.75,1.3,2.7,4.0,3.3,1.5,0.5,1.5,1.8,4.8,0.0,0,0
449,Briante Weber,PG,23,MIA,1,0,3.0,1.0,1.0,1.0,0.0,0.0,,1.0,1.0,1.0,1.0,0.0,0.0,,0.0,1.0,1.0,1.0,0.0,0.0,0.0,1.0,2.0,0.0,0,0
450,Sonny Weems,SG-SF,29,TOT,43,0,11.6,1.0,2.6,0.382,0.3,1.0,0.366,0.6,1.6,0.391,0.45,0.2,0.3,0.533,0.2,1.1,1.2,1.1,0.2,0.0,1.0,1.1,2.5,0.0,140,2
450,Sonny Weems,SG,29,PHO,36,0,11.7,1.0,2.5,0.393,0.4,0.9,0.406,0.6,1.6,0.386,0.466,0.2,0.4,0.538,0.2,1.0,1.1,1.3,0.3,0.0,1.0,1.1,2.5,0.0,140,2
450,Sonny Weems,SF,29,PHI,7,0,11.1,1.0,3.0,0.333,0.3,1.3,0.222,0.7,1.7,0.417,0.381,0.1,0.3,0.5,0.1,1.6,1.7,0.3,0.0,0.0,0.6,1.0,2.4,0.0,140,2
451,David West,PF,35,SAS,78,19,18.0,3.1,5.7,0.545,0.0,0.1,0.429,3.1,5.7,0.546,0.548,0.8,1.0,0.788,0.9,3.0,4.0,1.8,0.6,0.7,0.9,1.8,7.1,66.0,815,11
452,Russell Westbrook,PG,27,OKC,80,80,34.4,8.2,18.1,0.454,1.3,4.3,0.296,6.9,13.8,0.503,0.489,5.8,7.2,0.812,1.8,6.0,7.8,10.4,2.0,0.3,4.3,2.5,23.5,67.0,507,7
453,Hassan Whiteside,C,26,MIA,73,43,29.1,5.7,9.3,0.606,0.0,0.0,,5.7,9.3,0.606,0.606,2.9,4.5,0.65,3.3,8.6,11.8,0.4,0.6,3.7,1.9,2.8,14.2,48.0,67,1
454,Shayne Whittington,PF,24,IND,7,0,5.9,0.7,1.6,0.455,0.0,0.3,0.0,0.7,1.3,0.556,0.455,0.1,0.3,0.5,0.7,1.0,1.7,0.4,0.1,0.1,0.7,1.0,1.6,20.0,20,0
455,Andrew Wiggins,SF,20,MIN,81,81,35.1,7.3,16.0,0.459,0.7,2.3,0.3,6.6,13.6,0.486,0.481,5.3,7.0,0.761,1.3,2.3,3.6,2.0,1.0,0.6,2.2,2.0,20.7,82.0,82,1
456,C.J. Wilcox,SG,25,LAC,23,0,7.3,1.1,2.9,0.394,0.4,1.0,0.391,0.7,1.9,0.395,0.462,0.4,0.5,0.75,0.0,0.5,0.5,0.4,0.4,0.1,0.1,0.7,3.0,21.0,21,0
457,Alan Williams,PF,23,PHO,10,0,6.8,1.0,2.4,0.417,0.0,0.0,,1.0,2.4,0.417,0.417,0.9,1.4,0.643,1.4,2.4,3.8,0.5,0.4,0.5,0.6,1.5,2.9,0.0,0,0
458,Deron Williams,PG,31,DAL,65,63,32.4,4.9,11.9,0.414,1.5,4.3,0.344,3.4,7.6,0.454,0.477,2.8,3.2,0.869,0.3,2.6,2.9,5.8,0.9,0.2,2.3,2.4,14.1,68.0,716,10
459,Derrick Williams,SF,24,NYK,80,9,17.9,3.2,7.1,0.45,0.6,1.9,0.293,2.6,5.2,0.506,0.488,2.4,3.2,0.758,0.6,3.1,3.7,0.9,0.4,0.1,0.8,0.9,9.3,74.0,296,4
460,Elliot Williams,PG,26,MEM,5,0,9.0,0.4,2.0,0.2,0.2,0.8,0.25,0.2,1.2,0.167,0.25,0.6,0.8,0.75,0.2,0.6,0.8,0.8,0.0,0.0,0.2,0.4,1.6,13.0,104,1
461,Lou Williams,SG,29,LAL,67,35,28.5,4.2,10.3,0.408,1.6,4.8,0.344,2.6,5.6,0.464,0.488,5.3,6.3,0.83,0.5,2.1,2.5,2.5,0.9,0.3,1.6,1.6,15.3,80.0,634,9
462,Marvin Williams,PF,29,CHO,81,81,28.9,4.2,9.2,0.452,1.9,4.7,0.402,2.3,4.6,0.504,0.554,1.5,1.8,0.833,1.6,4.9,6.4,1.4,0.7,1.0,0.8,1.6,11.7,78.0,704,10
463,Mo Williams,PG,33,CLE,41,14,18.2,3.2,7.4,0.437,0.9,2.5,0.353,2.3,4.9,0.48,0.497,0.9,1.0,0.905,0.1,1.6,1.8,2.4,0.3,0.1,1.4,1.5,8.2,68.0,777,12
464,Justise Winslow,SF,19,MIA,78,8,28.6,2.5,5.9,0.422,0.4,1.5,0.276,2.1,4.4,0.471,0.457,1.0,1.5,0.684,1.0,4.1,5.2,1.5,0.9,0.3,1.2,2.4,6.4,0.0,0,0
465,Jeff Withey,C,25,UTA,51,10,12.9,1.7,3.2,0.537,0.0,0.0,0.0,1.7,3.1,0.544,0.537,0.8,1.2,0.729,1.1,2.3,3.4,0.4,0.4,1.0,0.5,1.5,4.3,37.0,95,2
466,Christian Wood,PF,20,PHI,17,0,8.5,1.3,3.1,0.415,0.2,0.6,0.364,1.1,2.5,0.429,0.453,0.8,1.2,0.619,0.8,1.5,2.2,0.2,0.3,0.4,0.1,0.6,3.6,0.0,0,0
467,Metta World Peace,SF,36,LAL,35,5,16.9,1.6,5.1,0.311,0.7,2.4,0.31,0.8,2.7,0.312,0.384,1.1,1.6,0.702,0.5,2.0,2.5,0.8,0.6,0.3,0.4,1.9,5.0,0.0,783,11
468,Brandan Wright,PF,28,MEM,12,2,17.7,2.9,4.3,0.673,0.0,0.0,,2.9,4.3,0.673,0.673,1.1,2.0,0.542,1.2,2.4,3.6,0.5,0.4,1.3,0.8,1.8,6.9,75.0,360,7
469,Delon Wright,PG,23,TOR,27,1,8.5,1.3,3.0,0.45,0.2,0.5,0.385,1.1,2.5,0.463,0.481,1.0,1.3,0.743,0.3,1.1,1.4,1.1,0.3,0.1,0.6,0.3,3.8,0.0,0,0
470,Tony Wroten,PG,22,PHI,8,3,18.0,2.8,8.1,0.338,0.4,2.1,0.176,2.4,6.0,0.396,0.362,2.5,4.6,0.541,0.3,2.4,2.6,2.5,0.4,0.0,3.6,1.4,8.4,30.0,137,1
471,James Young,SG,20,BOS,29,0,6.9,0.4,1.2,0.306,0.2,0.9,0.231,0.2,0.3,0.5,0.389,0.0,0.1,0.25,0.1,0.8,0.9,0.3,0.2,0.0,0.2,0.6,1.0,31.0,31,0
472,Joe Young,PG,23,IND,41,0,9.4,1.5,4.1,0.367,0.2,1.1,0.217,1.3,3.0,0.423,0.396,0.5,0.6,0.8,0.1,1.1,1.2,1.6,0.4,0.0,0.8,0.7,3.8,0.0,0,0
473,Nick Young,SG,30,LAL,54,2,19.1,2.3,6.9,0.339,1.4,4.4,0.325,0.9,2.5,0.363,0.442,1.2,1.4,0.829,0.3,1.5,1.8,0.6,0.4,0.1,0.6,0.9,7.3,42.0,522,8
474,Thaddeus Young,PF,27,BRK,73,73,33.0,6.8,13.2,0.514,0.1,0.4,0.233,6.7,12.8,0.523,0.518,1.4,2.2,0.644,2.4,6.6,9.0,1.9,1.5,0.5,1.9,2.5,15.1,76.0,592,8
475,Cody Zeller,C,23,CHO,73,60,24.3,3.2,6.0,0.529,0.0,0.1,0.1,3.2,5.8,0.539,0.53,2.4,3.2,0.754,1.9,4.3,6.2,1.0,0.8,0.9,0.9,2.8,8.7,62.0,144,2
476,Tyler Zeller,C,26,BOS,60,3,11.8,2.3,4.8,0.476,0.0,0.0,,2.3,4.8,0.476,0.476,1.5,1.8,0.815,1.0,1.9,3.0,0.5,0.2,0.4,0.8,1.6,6.1,82.0,229,3
